Word,Dual,Dual2,Good,Equal,PluralWord,PluralDual
about,lives,lives,,1,FALSE,TRUE
other,fungi,fungi,2,1,FALSE,FALSE
their,funds,funds,,1,FALSE,TRUE
first,newly,newly,1,1,FALSE,FALSE
would,might,might,1,1,FALSE,FALSE
price,funds,funds,1,1,FALSE,TRUE
email,proxy,proxy,1,1,FALSE,FALSE
world,punic,china,,0,FALSE,FALSE
music,dylan,banjo,,0,FALSE,FALSE
after,wound,wound,2,1,FALSE,FALSE
video,flash,flash,1,1,FALSE,FALSE
links,payer,payer,,1,TRUE,FALSE
years,month,month,,1,TRUE,FALSE
items,phyla,phyla,,1,TRUE,FALSE
group,clade,niche,,0,FALSE,FALSE
under,libya,amity,,0,FALSE,FALSE
games,blitz,blitz,,1,TRUE,FALSE
could,might,might,1,1,FALSE,FALSE
great,indus,duchy,,0,FALSE,TRUE
hotel,cabin,cabin,1,1,FALSE,FALSE
store,build,build,1,1,FALSE,FALSE
terms,valid,valid,,1,TRUE,FALSE
right,flank,flank,1,1,FALSE,FALSE
those,valid,valid,2,1,FALSE,FALSE
using,batch,batch,2,1,FALSE,FALSE
phone,stack,stack,2,1,FALSE,FALSE
forum,pages,pages,,1,FALSE,TRUE
based,micro,micro,2,1,FALSE,FALSE
black,white,white,1,1,FALSE,FALSE
index,graph,graph,1,1,FALSE,FALSE
being,crowd,crowd,2,1,FALSE,FALSE
women,girls,girls,,1,FALSE,TRUE
today,since,since,1,1,FALSE,FALSE
south,kenya,ridge,,0,FALSE,FALSE
pages,xhtml,forum,,0,TRUE,FALSE
found,chasm,chasm,2,1,FALSE,FALSE
house,privy,privy,2,1,FALSE,FALSE
power,gains,gains,,1,FALSE,TRUE
while,among,among,2,1,FALSE,FALSE
place,round,round,2,1,FALSE,FALSE
think,argue,argue,1,1,FALSE,FALSE
north,lakes,lakes,,1,FALSE,TRUE
media,blogs,focus,,0,FALSE,TRUE
water,fluid,fluid,1,1,FALSE,FALSE
since,today,today,,1,FALSE,FALSE
guide,shtml,watch,,0,FALSE,FALSE
board,chief,chief,1,1,FALSE,FALSE
white,black,black,1,1,FALSE,FALSE
times,world,world,,1,TRUE,FALSE
hours,twice,twice,,1,TRUE,FALSE
image,lotus,lotus,,1,FALSE,TRUE
money,fraud,fraud,1,1,FALSE,FALSE
reply,admit,admit,2,1,FALSE,FALSE
value,infty,point,,0,FALSE,FALSE
learn,touch,touch,2,1,FALSE,FALSE
print,flash,flash,2,1,FALSE,FALSE
stock,brand,brand,1,1,FALSE,FALSE
point,value,value,1,1,FALSE,FALSE
large,thick,thick,2,1,FALSE,FALSE
table,chord,chord,2,1,FALSE,FALSE
model,basic,basic,1,1,FALSE,FALSE
human,overt,overt,2,1,FALSE,FALSE
movie,lynch,lynch,2,1,FALSE,FALSE
march,until,until,2,1,FALSE,FALSE
study,galen,logic,1,0,FALSE,FALSE
topic,vague,vague,1,1,FALSE,FALSE
below,graph,graph,2,1,FALSE,FALSE
party,likud,blocs,,0,FALSE,FALSE
login,query,query,1,1,FALSE,FALSE
above,width,width,2,1,FALSE,FALSE
quote,diary,diary,1,1,FALSE,FALSE
story,fable,fable,1,1,FALSE,FALSE
rates,bulky,bulky,,1,TRUE,FALSE
young,frail,frail,1,1,FALSE,FALSE
field,graph,graph,2,1,FALSE,FALSE
girls,mandy,candy,,0,TRUE,FALSE
night,walks,walks,,1,FALSE,TRUE
texas,yukon,chino,,0,TRUE,FALSE
poker,whist,whist,2,1,FALSE,FALSE
range,shift,shift,2,1,FALSE,FALSE
court,pleas,pleas,,1,FALSE,TRUE
audio,shtml,bytes,,0,FALSE,FALSE
light,waves,waves,,1,FALSE,TRUE
write,laugh,laugh,2,1,FALSE,FALSE
given,stuck,stuck,2,1,FALSE,FALSE
files,proxy,proxy,,1,TRUE,FALSE
china,egypt,ruble,,0,FALSE,FALSE
might,would,would,1,1,FALSE,FALSE
month,years,years,,1,FALSE,TRUE
major,vying,vying,2,1,FALSE,FALSE
space,orbit,orbit,1,1,FALSE,FALSE
cards,phone,phone,,1,TRUE,FALSE
child,woman,woman,1,1,FALSE,FALSE
share,imply,imply,2,1,FALSE,FALSE
radio,msnbc,guest,,0,FALSE,FALSE
until,march,march,2,1,FALSE,FALSE
track,bonus,bonus,1,1,FALSE,TRUE
least,grown,grown,2,1,FALSE,FALSE
trade,opium,opium,2,1,FALSE,FALSE
close,faint,faint,2,1,FALSE,FALSE
drive,shaft,shaft,2,1,FALSE,FALSE
short,quick,quick,2,1,FALSE,FALSE
means,proxy,proxy,,1,TRUE,FALSE
daily,forum,forum,2,1,FALSE,FALSE
beach,mount,mount,1,1,FALSE,FALSE
style,banjo,banjo,2,1,FALSE,FALSE
front,backs,backs,,1,FALSE,TRUE
parts,whole,whole,,1,TRUE,FALSE
early,disco,disco,2,1,FALSE,FALSE
miles,fundy,bronx,,0,TRUE,FALSE
sound,pitch,pitch,1,1,FALSE,FALSE
works,haydn,fugal,,0,TRUE,FALSE
rules,match,match,,1,TRUE,FALSE
final,score,score,2,1,FALSE,FALSE
adult,women,women,2,1,FALSE,FALSE
thing,dream,dream,,1,FALSE,FALSE
cheap,flour,flour,2,1,FALSE,FALSE
third,goals,goals,,1,FALSE,TRUE
gifts,mercy,mercy,,1,TRUE,FALSE
cover,stand,stand,2,1,FALSE,FALSE
often,risky,risky,2,1,FALSE,FALSE
watch,spend,spend,1,1,FALSE,FALSE
deals,humor,humor,,1,TRUE,FALSE
words,kanji,latin,,0,TRUE,FALSE
heart,lungs,lungs,,1,FALSE,TRUE
clear,doubt,doubt,1,1,FALSE,FALSE
makes,would,would,,1,TRUE,FALSE
taken,porch,porch,2,1,FALSE,FALSE
quick,delay,delay,1,1,FALSE,FALSE
whole,unity,unity,2,1,FALSE,FALSE
later,cimon,vying,,0,FALSE,FALSE
basic,model,model,2,1,FALSE,FALSE
along,duets,duets,,1,FALSE,TRUE
among,cults,cults,,1,FALSE,TRUE
death,glory,glory,2,1,FALSE,FALSE
brand,lexus,stock,,0,FALSE,TRUE
doing,spake,spake,2,1,FALSE,FALSE
loans,price,price,,1,TRUE,FALSE
entry,gmail,audio,,0,FALSE,FALSE
notes,graph,graph,,1,TRUE,FALSE
force,units,units,,1,FALSE,TRUE
album,disco,disco,1,1,FALSE,FALSE
views,dogma,dogma,,1,TRUE,FALSE
plans,tried,tried,,1,TRUE,FALSE
build,cater,cater,2,1,FALSE,FALSE
types,cmavo,fungi,,0,TRUE,FALSE
lines,track,track,,1,TRUE,FALSE
asked,ought,ought,2,1,FALSE,FALSE
lower,pitch,pitch,2,1,FALSE,FALSE
names,glyph,glyph,,1,TRUE,FALSE
woman,child,child,1,1,FALSE,FALSE
cable,ports,ports,,1,FALSE,TRUE
score,album,album,1,1,FALSE,FALSE
shown,cited,cited,2,1,FALSE,FALSE
flash,micro,micro,1,1,FALSE,FALSE
ideas,humor,humor,,1,TRUE,FALSE
homes,train,train,,1,TRUE,FALSE
super,namco,match,,0,FALSE,FALSE
cause,imply,imply,1,1,FALSE,FALSE
focus,trend,trend,,1,TRUE,FALSE
voice,gumby,drums,,0,FALSE,FALSE
comes,drawn,drawn,,1,TRUE,FALSE
brown,davey,leach,,0,FALSE,FALSE
forms,phyla,phyla,1,1,TRUE,FALSE
smith,gould,frank,,0,FALSE,FALSE
thank,yours,yours,,1,FALSE,TRUE
sport,flume,flume,2,1,FALSE,FALSE
ready,quick,quick,2,1,FALSE,FALSE
round,match,match,2,1,FALSE,FALSE
built,roads,roads,,1,FALSE,TRUE
earth,cloud,cloud,1,1,FALSE,FALSE
extra,bonus,bonus,1,1,FALSE,TRUE
rated,shown,shown,2,1,FALSE,FALSE
quite,wrong,wrong,2,1,FALSE,FALSE
horse,giant,giant,2,1,FALSE,FALSE
owner,slick,slick,2,1,FALSE,FALSE
takes,wound,wound,,1,TRUE,FALSE
bring,steal,steal,2,1,FALSE,FALSE
input,frame,frame,2,1,FALSE,FALSE
agent,proxy,proxy,1,1,FALSE,FALSE
valid,zeros,zeros,,1,FALSE,TRUE
grand,hotel,hotel,1,1,FALSE,FALSE
trial,judge,judge,1,1,FALSE,FALSE
units,force,force,,1,TRUE,FALSE
wrote,plays,plays,,1,FALSE,TRUE
metal,cords,cords,,1,FALSE,TRUE
funds,price,price,,1,TRUE,FALSE
guest,clown,clown,2,1,FALSE,FALSE
grade,pitch,pitch,1,1,FALSE,FALSE
panel,bomis,stick,,0,FALSE,TRUE
match,round,round,2,1,FALSE,FALSE
plant,squid,squid,1,1,FALSE,FALSE
stage,clown,clown,2,1,FALSE,FALSE
maybe,shout,shout,2,1,FALSE,FALSE
youth,pride,pride,1,1,FALSE,FALSE
break,fight,fight,2,1,FALSE,FALSE
dance,sport,sport,2,1,FALSE,FALSE
enjoy,admit,admit,2,1,FALSE,FALSE
block,shaft,shaft,2,1,FALSE,FALSE
fixed,stack,stack,2,1,FALSE,FALSE
wrong,shame,shame,2,1,FALSE,FALSE
hands,mercy,mercy,,1,TRUE,FALSE
worth,fined,fined,2,1,FALSE,FALSE
coast,rhine,ridge,,0,FALSE,FALSE
grant,jolie,filed,,0,FALSE,FALSE
scale,drift,drift,2,1,FALSE,FALSE
stand,climb,climb,2,1,FALSE,FALSE
frame,input,input,1,1,FALSE,FALSE
chief,mayor,mayor,1,1,FALSE,FALSE
gives,campy,campy,,1,TRUE,FALSE
heard,stuck,stuck,2,1,FALSE,FALSE
begin,throw,throw,2,1,FALSE,FALSE
royal,dukes,dukes,,1,FALSE,TRUE
clean,syrup,syrup,2,1,FALSE,FALSE
suite,dolby,acorn,,0,FALSE,FALSE
older,sixty,sixty,2,1,FALSE,FALSE
whose,frink,guild,,0,FALSE,FALSE
naked,brush,brush,2,1,FALSE,FALSE
lives,young,young,,1,TRUE,FALSE
stone,brick,brick,1,1,FALSE,FALSE
buyer,login,login,2,1,FALSE,FALSE
waste,fluid,fluid,2,1,FALSE,FALSE
chair,synod,synod,2,1,FALSE,FALSE
phase,orbit,orbit,1,1,FALSE,FALSE
shirt,mandy,candy,,0,FALSE,FALSE
crime,tough,tough,2,1,FALSE,FALSE
count,basie,swear,,0,FALSE,FALSE
claim,doubt,doubt,1,1,FALSE,FALSE
patch,wings,wings,,1,FALSE,TRUE
alone,right,right,2,1,FALSE,FALSE
saint,herzl,codex,,0,FALSE,FALSE
drugs,toxic,toxic,,1,TRUE,FALSE
joint,badge,badge,2,1,FALSE,FALSE
fresh,candy,candy,1,1,FALSE,FALSE
dates,purim,runic,,0,TRUE,FALSE
prime,fouad,count,,0,FALSE,FALSE
began,would,would,2,1,FALSE,FALSE
louis,henry,henry,,1,TRUE,FALSE
urban,sited,sited,2,1,FALSE,FALSE
tours,milan,famed,,0,TRUE,FALSE
labor,funds,funds,,1,FALSE,TRUE
heavy,moist,moist,2,1,FALSE,FALSE
solid,wafer,wafer,1,1,FALSE,FALSE
touch,knife,knife,2,1,FALSE,FALSE
goals,merit,merit,,1,TRUE,FALSE
magic,quest,quest,1,1,FALSE,FALSE
mount,ridge,ridge,1,1,FALSE,FALSE
smart,punch,punch,2,1,FALSE,FALSE
latin,codex,codex,1,1,FALSE,FALSE
avoid,crush,crush,2,1,FALSE,FALSE
birth,woman,woman,2,1,FALSE,FALSE
virus,clone,clone,,1,TRUE,FALSE
abuse,child,child,2,1,FALSE,FALSE
facts,humor,humor,,1,TRUE,FALSE
faith,mercy,mercy,1,1,FALSE,FALSE
chain,jumps,jumps,,1,FALSE,TRUE
moved,swung,swung,2,1,FALSE,FALSE
reach,build,build,2,1,FALSE,FALSE
films,debut,debut,,1,TRUE,FALSE
owned,firms,firms,,1,FALSE,TRUE
draft,bench,bench,1,1,FALSE,FALSE
chart,kylie,index,1,0,FALSE,FALSE
clubs,poker,poker,,1,TRUE,FALSE
equal,width,width,2,1,FALSE,FALSE
codes,xhtml,glyph,,0,TRUE,FALSE
kinds,phyla,phyla,,1,TRUE,FALSE
teams,rugby,rugby,,1,TRUE,FALSE
tried,plans,plans,,1,FALSE,TRUE
named,frock,frock,2,1,FALSE,FALSE
laser,optic,optic,1,1,FALSE,FALSE
taxes,dowry,dowry,,1,TRUE,FALSE
mouse,crank,crank,1,1,FALSE,FALSE
brain,fetus,fetus,,1,FALSE,TRUE
dream,ghost,ghost,1,1,FALSE,FALSE
clips,tuner,tuner,,1,TRUE,FALSE
brief,month,month,2,1,FALSE,FALSE
eight,psalm,psalm,2,1,FALSE,FALSE
wants,liked,liked,,1,TRUE,FALSE
alert,punch,punch,2,1,FALSE,FALSE
truck,wagon,wagon,1,1,FALSE,FALSE
votes,likud,fraud,,0,TRUE,FALSE
ocean,drift,drift,1,1,FALSE,FALSE
depth,focal,focal,1,1,FALSE,FALSE
train,locks,locks,,1,FALSE,TRUE
route,basin,basin,1,1,FALSE,FALSE
frank,clive,butch,,0,FALSE,FALSE
speak,ugric,cling,,0,FALSE,FALSE
query,dhtml,login,,0,FALSE,FALSE
judge,trial,trial,1,1,FALSE,FALSE
bytes,molar,molar,,1,TRUE,FALSE
fight,break,break,2,1,FALSE,FALSE
filed,sworn,sworn,1,1,FALSE,FALSE
banks,plied,plied,,1,TRUE,FALSE
leads,owing,owing,,1,TRUE,FALSE
wales,bronx,bronx,,1,TRUE,FALSE
minor,flats,flats,,1,FALSE,TRUE
noted,claim,claim,1,1,FALSE,FALSE
spent,havoc,havoc,2,1,FALSE,FALSE
helps,avoid,avoid,,1,TRUE,FALSE
drink,sauce,sauce,1,1,FALSE,FALSE
rings,aphex,ephod,,0,TRUE,FALSE
henry,louis,louis,,1,FALSE,TRUE
delta,yukon,prism,,0,FALSE,FALSE
bonus,track,track,,1,TRUE,FALSE
adobe,mysql,chips,,0,FALSE,FALSE
layer,optic,optic,1,1,FALSE,FALSE
spend,climb,climb,2,1,FALSE,FALSE
ratio,pulse,pulse,2,1,FALSE,FALSE
empty,bound,bound,2,1,FALSE,FALSE
ideal,norms,norms,,1,FALSE,TRUE
parks,devon,hotel,,0,TRUE,FALSE
cream,dough,dough,1,1,FALSE,FALSE
boxes,punch,punch,,1,TRUE,FALSE
shape,cloud,cloud,1,1,FALSE,FALSE
firms,quota,quota,,1,TRUE,FALSE
usage,topic,topic,1,1,FALSE,FALSE
mixed,grown,grown,2,1,FALSE,FALSE
exist,macro,macro,2,1,FALSE,FALSE
angel,witch,witch,1,1,FALSE,FALSE
width,angle,angle,1,1,FALSE,FALSE
noise,bulky,bulky,2,1,FALSE,FALSE
sharp,knife,knife,1,1,FALSE,FALSE
knows,cried,cried,,1,TRUE,FALSE
plate,rough,rough,2,1,FALSE,FALSE
logic,parse,parse,1,1,FALSE,FALSE
plain,rocky,rocky,1,1,FALSE,FALSE
costa,niger,ruble,,0,FALSE,FALSE
trail,dunes,dunes,1,1,FALSE,TRUE
setup,crank,crank,2,1,FALSE,FALSE
blues,garth,piano,,0,TRUE,FALSE
scope,unity,unity,2,1,FALSE,FALSE
crazy,lovin,thief,,0,FALSE,FALSE
bears,hound,hound,,1,TRUE,FALSE
mouth,snake,snake,2,1,FALSE,FALSE
fruit,honey,honey,1,1,FALSE,FALSE
sugar,honey,honey,1,1,FALSE,FALSE
stick,pedal,pedal,1,1,FALSE,FALSE
slide,thumb,thumb,1,1,FALSE,FALSE
exact,minus,minus,,1,FALSE,TRUE
bound,empty,empty,2,1,FALSE,FALSE
storm,cabin,cabin,1,1,FALSE,FALSE
micro,flash,flash,1,1,FALSE,FALSE
paint,brush,brush,1,1,FALSE,FALSE
delay,quick,quick,1,1,FALSE,FALSE
pilot,squad,squad,1,1,FALSE,FALSE
novel,diary,diary,1,1,FALSE,FALSE
ultra,bogie,bogie,2,1,FALSE,FALSE
plays,wrote,wrote,,1,TRUE,FALSE
truly,minds,minds,,1,FALSE,TRUE
lodge,crypt,crypt,2,1,FALSE,FALSE
broad,multi,niche,,0,FALSE,FALSE
guard,bench,bench,2,1,FALSE,FALSE
newly,forts,forts,,1,FALSE,TRUE
raise,flock,flock,2,1,FALSE,FALSE
bands,flute,flute,,1,TRUE,FALSE
lunch,rides,rides,,1,FALSE,TRUE
audit,mysql,proxy,,0,FALSE,FALSE
tower,cabin,cabin,1,1,FALSE,FALSE
yours,thank,thank,,1,TRUE,FALSE
solar,qubit,fixed,,0,FALSE,FALSE
doubt,claim,claim,1,1,FALSE,FALSE
forth,aside,aside,2,1,FALSE,FALSE
split,foray,foray,2,1,FALSE,FALSE
twice,hours,hours,,1,FALSE,TRUE
shift,delay,delay,2,1,FALSE,FALSE
marks,vowel,vowel,,1,TRUE,FALSE
loved,wants,wants,,1,FALSE,TRUE
birds,phyla,phyla,,1,TRUE,FALSE
saved,flown,flown,2,1,FALSE,FALSE
piano,flute,flute,1,1,FALSE,FALSE
ports,cable,cable,,1,TRUE,FALSE
teach,bring,bring,2,1,FALSE,FALSE
rapid,shock,shock,1,1,FALSE,FALSE
hairy,nosed,nosed,2,1,FALSE,FALSE
dutch,serbo,krone,,0,FALSE,FALSE
holds,meant,meant,,1,TRUE,FALSE
pulse,crank,crank,2,1,FALSE,FALSE
metro,wuhan,basin,,0,FALSE,FALSE
strip,novel,novel,2,1,FALSE,FALSE
pearl,sioux,hunts,,0,FALSE,FALSE
penis,ovary,ovary,,1,TRUE,FALSE
heads,luzon,crown,,0,TRUE,FALSE
opera,klimt,munch,,0,FALSE,FALSE
blank,timer,timer,2,1,FALSE,FALSE
humor,bawdy,bawdy,2,1,FALSE,FALSE
lived,grown,grown,2,1,FALSE,FALSE
meant,would,would,2,1,FALSE,FALSE
plane,orbit,orbit,1,1,FALSE,FALSE
grace,idols,idols,,1,FALSE,TRUE
roman,celts,dukes,,0,FALSE,TRUE
trips,beach,beach,,1,TRUE,FALSE
turns,piled,piled,,1,TRUE,FALSE
proud,wives,wives,,1,FALSE,TRUE
giant,ducks,ducks,,1,FALSE,TRUE
angle,width,width,1,1,FALSE,FALSE
vinyl,drums,drums,,1,FALSE,TRUE
worst,final,final,2,1,FALSE,FALSE
pants,glove,glove,,1,TRUE,FALSE
nurse,kathy,child,,0,FALSE,FALSE
quiet,angry,angry,1,1,FALSE,FALSE
crown,dukes,dukes,,1,FALSE,TRUE
maker,clown,clown,2,1,FALSE,FALSE
picks,threw,threw,,1,TRUE,FALSE
smoke,paint,paint,2,1,FALSE,FALSE
craft,pylon,pylon,2,1,FALSE,FALSE
blind,shame,shame,2,1,FALSE,FALSE
coins,grape,grape,,1,TRUE,FALSE
actor,kevin,helms,,0,FALSE,FALSE
finds,threw,threw,,1,TRUE,FALSE
prize,hugos,locus,,0,FALSE,TRUE
dirty,snake,snake,2,1,FALSE,FALSE
alive,drunk,drunk,2,1,FALSE,FALSE
prove,admit,admit,1,1,FALSE,FALSE
wings,patch,patch,,1,TRUE,FALSE
ridge,snowy,snowy,2,1,FALSE,FALSE
moves,pitch,pitch,,1,TRUE,FALSE
throw,climb,climb,2,1,FALSE,FALSE
trend,focus,focus,1,1,FALSE,TRUE
worse,badly,badly,2,1,FALSE,FALSE
boats,rifle,rifle,,1,TRUE,FALSE
fiber,loads,loads,,1,FALSE,TRUE
graph,infty,locus,,0,FALSE,FALSE
talks,bring,bring,,1,TRUE,FALSE
bonds,helix,helix,,1,TRUE,FALSE
fraud,money,money,1,1,FALSE,FALSE
crash,pilot,pilot,2,1,FALSE,FALSE
inter,sambo,scudo,,0,FALSE,FALSE
grove,tulsa,flint,,0,FALSE,FALSE
spray,cloth,cloth,2,1,FALSE,FALSE
roads,built,built,,1,TRUE,FALSE
faces,trunk,trunk,,1,TRUE,FALSE
mayor,leigh,chief,,0,FALSE,FALSE
yield,spark,spark,1,1,FALSE,FALSE
lakes,mound,mound,,1,TRUE,FALSE
diary,novel,novel,1,1,FALSE,FALSE
kings,judah,duchy,,0,TRUE,FALSE
flags,trunk,trunk,,1,TRUE,FALSE
baker,dixon,finch,,0,FALSE,FALSE
shock,renal,renal,2,1,FALSE,FALSE
ebony,lapis,lapis,,1,FALSE,TRUE
drawn,split,split,2,1,FALSE,FALSE
beast,cupid,cupid,2,1,FALSE,FALSE
yards,twice,twice,,1,TRUE,FALSE
jokes,bawdy,bawdy,,1,TRUE,FALSE
globe,strip,strip,2,1,FALSE,FALSE
ghost,devil,devil,1,1,FALSE,FALSE
pride,youth,youth,2,1,FALSE,FALSE
chile,gabon,junta,,0,FALSE,FALSE
quest,glory,glory,1,1,FALSE,FALSE
trans,wiley,clime,,0,TRUE,FALSE
acres,yukon,width,,0,TRUE,FALSE
vital,prone,prone,2,1,FALSE,FALSE
modes,input,input,,1,TRUE,FALSE
opens,yacht,yacht,,1,TRUE,FALSE
lucky,thief,thief,2,1,FALSE,FALSE
thick,woven,woven,2,1,FALSE,FALSE
vista,mungo,gofer,,0,FALSE,FALSE
chips,turbo,turbo,,1,TRUE,FALSE
grown,lifes,fused,,0,FALSE,TRUE
smile,agony,agony,1,1,FALSE,FALSE
lands,tribe,tribe,,1,TRUE,FALSE
armed,coups,coups,,1,FALSE,TRUE
candy,skirt,skirt,2,1,FALSE,FALSE
tiger,ducks,ducks,,1,FALSE,TRUE
folks,cried,cried,,1,TRUE,FALSE
icons,garde,garde,,1,TRUE,FALSE
moral,ethic,ethic,1,1,FALSE,FALSE
pound,liter,liter,1,1,FALSE,FALSE
bread,spicy,spicy,2,1,FALSE,FALSE
tough,candy,candy,2,1,FALSE,FALSE
chest,wound,wound,2,1,FALSE,FALSE
solve,admit,admit,1,1,FALSE,FALSE
tones,quark,quark,,1,TRUE,FALSE
sight,blade,blade,2,1,FALSE,FALSE
towns,duchy,duchy,,1,TRUE,FALSE
reads,bitch,bitch,,1,TRUE,FALSE
roles,habit,habit,,1,TRUE,FALSE
glory,quest,quest,1,1,FALSE,FALSE
fault,noise,noise,1,1,FALSE,FALSE
rugby,lions,lions,,1,FALSE,TRUE
fluid,vapor,vapor,1,1,FALSE,FALSE
devil,ghost,ghost,1,1,FALSE,FALSE
sized,cloth,cloth,2,1,FALSE,FALSE
swing,tempo,tempo,2,1,FALSE,FALSE
poems,diary,diary,,1,TRUE,FALSE
winds,rocky,rocky,,1,TRUE,FALSE
gnome,flash,flash,2,1,FALSE,FALSE
noble,piast,cupid,,0,FALSE,FALSE
shore,lying,lying,2,1,FALSE,FALSE
loves,bitch,bitch,,1,TRUE,FALSE
rocks,inlet,inlet,,1,TRUE,FALSE
corps,badge,badge,,1,TRUE,FALSE
liver,axons,axons,,1,FALSE,TRUE
decor,thins,thins,,1,FALSE,TRUE
fails,ought,ought,,1,TRUE,FALSE
intro,madge,slack,,0,FALSE,FALSE
clerk,mason,mason,2,1,FALSE,FALSE
jeans,bumpy,bumpy,,1,TRUE,FALSE
fonts,debug,debug,,1,TRUE,FALSE
favor,spite,spite,2,1,FALSE,FALSE
sigma,tuple,tuple,2,1,FALSE,FALSE
aside,forth,forth,2,1,FALSE,FALSE
camps,irgun,rouge,,0,TRUE,FALSE
trace,binds,binds,,1,FALSE,TRUE
packs,vinyl,vinyl,,1,TRUE,FALSE
spoke,admit,admit,1,1,FALSE,FALSE
rough,plate,plate,2,1,FALSE,FALSE
weird,bangs,bangs,,1,FALSE,TRUE
holes,quark,quark,,1,TRUE,FALSE
blade,stick,stick,1,1,FALSE,FALSE
meals,broth,broth,,1,TRUE,FALSE
robin,casey,leach,,0,FALSE,FALSE
strap,flick,flick,2,1,FALSE,FALSE
crowd,sneak,sneak,1,1,FALSE,FALSE
cloud,beams,beams,,1,FALSE,TRUE
knife,strap,strap,2,1,FALSE,FALSE
shelf,drain,drain,1,1,FALSE,FALSE
liked,wants,wants,,1,FALSE,TRUE
adopt,unify,unify,2,1,FALSE,FALSE
outer,basin,basin,2,1,FALSE,FALSE
tales,cupid,cupid,,1,TRUE,FALSE
nodes,lymph,lymph,,1,TRUE,FALSE
cited,shown,shown,1,1,FALSE,FALSE
tired,lucky,lucky,2,1,FALSE,FALSE
steam,pylon,pylon,2,1,FALSE,FALSE
acute,prion,lymph,,0,FALSE,FALSE
carol,kevin,stein,,0,FALSE,FALSE
stack,pixel,pixel,1,1,FALSE,FALSE
curve,shaft,shaft,2,1,FALSE,FALSE
amber,cloth,cloth,2,1,FALSE,FALSE
trunk,aisle,aisle,1,1,FALSE,FALSE
waves,drift,drift,,1,TRUE,FALSE
camel,squid,squid,1,1,FALSE,FALSE
lamps,fibre,fibre,,1,TRUE,FALSE
juice,vodka,vodka,1,1,FALSE,FALSE
chase,robin,robin,2,1,FALSE,FALSE
sauce,broth,broth,1,1,FALSE,FALSE
beads,cloth,cloth,,1,TRUE,FALSE
flows,drain,drain,,1,TRUE,FALSE
proxy,email,email,1,1,FALSE,FALSE
voted,ranks,ranks,,1,FALSE,TRUE
bikes,honda,craft,,0,TRUE,FALSE
gates,kirby,brick,,0,TRUE,FALSE
slave,dowry,dowry,1,1,FALSE,FALSE
haven,brisk,brisk,2,1,FALSE,FALSE
charm,blond,blond,2,1,FALSE,FALSE
basin,rocky,rocky,2,1,FALSE,FALSE
ranch,epsom,epsom,2,1,FALSE,FALSE
drunk,paste,paste,2,1,FALSE,FALSE
toner,glibc,bulky,,0,FALSE,FALSE
latex,chips,chips,,1,FALSE,TRUE
alien,ghost,ghost,1,1,FALSE,FALSE
broke,split,split,2,1,FALSE,FALSE
rocky,dunes,dunes,,1,FALSE,TRUE
bunch,doves,doves,,1,FALSE,TRUE
cents,molar,molar,,1,TRUE,FALSE
omega,infty,width,,0,FALSE,FALSE
grain,cloth,cloth,2,1,FALSE,FALSE
gains,power,power,,1,TRUE,FALSE
salon,merci,crypt,,0,FALSE,FALSE
turbo,chips,chips,,1,FALSE,TRUE
aimed,joust,joust,2,1,FALSE,FALSE
brush,paint,paint,1,1,FALSE,FALSE
spare,touch,touch,2,1,FALSE,FALSE
skirt,candy,candy,2,1,FALSE,FALSE
honey,fruit,fruit,1,1,FALSE,FALSE
faced,riots,riots,,1,FALSE,TRUE
sixth,round,round,2,1,FALSE,FALSE
farms,plied,plied,,1,TRUE,FALSE
cheat,login,login,2,1,FALSE,FALSE
sandy,lough,lemur,,0,FALSE,FALSE
macro,typed,typed,2,1,FALSE,FALSE
laugh,poked,poked,2,1,FALSE,FALSE
pitch,angle,angle,1,1,FALSE,FALSE
autos,kerch,whine,,0,TRUE,FALSE
dozen,sixty,sixty,2,1,FALSE,FALSE
cloth,beads,beads,,1,FALSE,TRUE
stamp,liner,liner,2,1,FALSE,FALSE
lotus,pixar,brand,,0,TRUE,FALSE
cargo,mines,mines,,1,FALSE,TRUE
likes,mandy,agony,,0,TRUE,FALSE
tapes,vinyl,vinyl,,1,TRUE,FALSE
zones,drift,drift,,1,TRUE,FALSE
races,luton,flung,,0,TRUE,FALSE
maple,squid,squid,2,1,FALSE,FALSE
depot,buick,wharf,,0,FALSE,FALSE
blend,spicy,spicy,2,1,FALSE,FALSE
probe,tidal,tidal,2,1,FALSE,FALSE
debug,macro,macro,1,1,FALSE,FALSE
bingo,hulme,shute,,0,FALSE,FALSE
minds,truly,truly,,1,TRUE,FALSE
cedar,lough,snowy,,0,FALSE,FALSE
hopes,admit,admit,,1,TRUE,FALSE
mason,leigh,welch,,0,FALSE,FALSE
burns,thief,thief,,1,TRUE,FALSE
pairs,tuned,tuned,,1,TRUE,FALSE
chose,admit,admit,2,1,FALSE,FALSE
blast,drone,drone,1,1,FALSE,FALSE
brake,lifts,lifts,,1,FALSE,TRUE
olive,syrup,syrup,2,1,FALSE,FALSE
clone,virus,virus,,1,FALSE,TRUE
dicks,tharp,melba,,0,TRUE,FALSE
relay,optic,optic,2,1,FALSE,FALSE
tears,dying,dying,,1,TRUE,FALSE
angry,shout,shout,1,1,FALSE,FALSE
lover,bitch,bitch,2,1,FALSE,FALSE
loads,fibre,fibre,,1,TRUE,FALSE
motel,crazy,crazy,2,1,FALSE,FALSE
dying,flesh,flesh,2,1,FALSE,FALSE
stuck,fired,fired,2,1,FALSE,FALSE
vocal,tunes,tunes,,1,FALSE,TRUE
organ,flute,flute,1,1,FALSE,FALSE
lemon,gravy,gravy,1,1,FALSE,FALSE
toxic,gland,gland,2,1,FALSE,FALSE
bench,squad,squad,1,1,FALSE,FALSE
wines,flour,flour,,1,TRUE,FALSE
paste,flour,flour,2,1,FALSE,FALSE
relax,vomit,vomit,2,1,FALSE,FALSE
sword,knife,knife,1,1,FALSE,FALSE
coral,dunes,dunes,,1,FALSE,TRUE
pixel,stack,stack,1,1,FALSE,FALSE
float,prick,prick,2,1,FALSE,FALSE
paths,fibre,fibre,,1,TRUE,FALSE
acids,ethyl,ethyl,,1,TRUE,FALSE
dairy,fuels,fuels,,1,FALSE,TRUE
admit,prove,prove,1,1,FALSE,FALSE
fancy,skirt,skirt,2,1,FALSE,FALSE
squad,pilot,pilot,1,1,FALSE,FALSE
wages,incur,incur,,1,TRUE,FALSE
males,forty,forty,,1,TRUE,FALSE
chaos,freud,fermi,,0,TRUE,FALSE
wheat,flour,flour,1,1,FALSE,FALSE
unity,dogma,dogma,2,1,FALSE,FALSE
bride,woman,woman,1,1,FALSE,FALSE
begun,rapid,rapid,2,1,FALSE,FALSE
drums,banjo,banjo,,1,TRUE,FALSE
flame,brush,brush,2,1,FALSE,FALSE
tanks,rifle,rifle,,1,TRUE,FALSE
hints,poked,poked,,1,TRUE,FALSE
wired,msnbc,flash,,0,FALSE,FALSE
argue,posit,posit,2,1,FALSE,FALSE
arise,doubt,doubt,2,1,FALSE,FALSE
bitch,loves,loves,,1,FALSE,TRUE
menus,batch,batch,,1,TRUE,FALSE
amino,ethyl,ethyl,1,1,FALSE,FALSE
herbs,fungi,fungi,,1,TRUE,FALSE
lying,shore,shore,2,1,FALSE,FALSE
tries,dagny,would,,0,TRUE,FALSE
trick,blade,blade,2,1,FALSE,FALSE
drops,climb,climb,,1,TRUE,FALSE
wider,focus,focus,1,1,FALSE,TRUE
screw,mould,mould,2,1,FALSE,FALSE
blame,incur,incur,2,1,FALSE,FALSE
uncle,priam,dowry,,0,FALSE,FALSE
randy,keith,butch,,0,FALSE,FALSE
brick,lamps,lamps,,1,FALSE,TRUE
cabin,hotel,hotel,1,1,FALSE,FALSE
fired,blown,blown,1,1,FALSE,FALSE
tires,pylon,pylon,,1,TRUE,FALSE
anger,doubt,doubt,2,1,FALSE,FALSE
handy,vogel,servo,,0,FALSE,FALSE
crops,wheat,wheat,,1,TRUE,FALSE
guild,oscar,frank,,0,FALSE,FALSE
tribe,judah,clans,,0,FALSE,FALSE
batch,query,query,1,1,FALSE,FALSE
alter,binds,binds,,1,FALSE,TRUE
twins,maceo,laver,,0,TRUE,FALSE
amend,writs,writs,,1,FALSE,TRUE
thong,quale,femur,,0,FALSE,FALSE
medal,scout,scout,1,1,FALSE,FALSE
walks,dying,dying,,1,TRUE,FALSE
bones,hairy,hairy,,1,TRUE,FALSE
polar,dunes,dunes,,1,FALSE,TRUE
patio,rebus,rebus,,1,FALSE,TRUE
beans,flour,flour,,1,TRUE,FALSE
snake,pouch,pouch,2,1,FALSE,FALSE
ought,fails,fails,,1,FALSE,TRUE
fixes,dhtml,turbo,,0,TRUE,FALSE
timer,plugs,plugs,,1,FALSE,TRUE
racks,epoxy,epoxy,,1,TRUE,FALSE
nasty,louie,crumb,,0,FALSE,FALSE
tumor,gland,gland,1,1,FALSE,FALSE
forty,males,males,,1,FALSE,TRUE
tubes,pylon,pylon,,1,TRUE,FALSE
exams,corby,lunch,,0,TRUE,FALSE
welsh,corgi,corgi,1,1,FALSE,FALSE
sonic,waltz,waltz,2,1,FALSE,FALSE
thumb,slide,slide,1,1,FALSE,FALSE
ranks,voted,voted,,1,TRUE,FALSE
debut,films,films,,1,FALSE,TRUE
ivory,pelts,pelts,,1,FALSE,TRUE
remix,shady,shady,2,1,FALSE,FALSE
spice,flour,flour,1,1,FALSE,FALSE
trash,blink,blink,2,1,FALSE,FALSE
manor,leith,gulch,,0,FALSE,FALSE
disco,funky,funky,1,1,FALSE,FALSE
minus,ethyl,ethyl,,1,TRUE,FALSE
shade,motif,motif,2,1,FALSE,FALSE
lions,derby,derby,,1,TRUE,FALSE
lyric,danse,tunes,,0,FALSE,FALSE
grave,mouth,mouth,2,1,FALSE,FALSE
punch,slide,slide,2,1,FALSE,FALSE
shake,wound,wound,2,1,FALSE,FALSE
mercy,guilt,guilt,1,1,FALSE,FALSE
shame,guilt,guilt,1,1,FALSE,FALSE
flesh,dying,dying,2,1,FALSE,FALSE
witch,magus,magus,,1,FALSE,TRUE
satin,covey,covey,2,1,FALSE,FALSE
tunes,lyric,lyric,,1,TRUE,FALSE
locks,ridge,ridge,,1,TRUE,FALSE
hired,lomax,flown,,0,FALSE,FALSE
slope,drift,drift,1,1,FALSE,FALSE
nails,dough,dough,,1,TRUE,FALSE
rides,lunch,lunch,,1,TRUE,FALSE
rehab,micky,punts,,0,FALSE,FALSE
merit,goals,goals,,1,FALSE,TRUE
fairy,golem,golem,1,1,FALSE,FALSE
shaft,glide,glide,2,1,FALSE,FALSE
drain,flows,flows,,1,FALSE,TRUE
monte,busch,dicky,,0,FALSE,FALSE
fires,cloud,cloud,,1,TRUE,FALSE
panic,tumor,tumor,2,1,FALSE,FALSE
beats,vinyl,vinyl,,1,TRUE,FALSE
scuba,flyer,flyer,1,1,FALSE,FALSE
derby,lions,lions,,1,FALSE,TRUE
steal,bring,bring,1,1,FALSE,FALSE
fears,guilt,guilt,,1,TRUE,FALSE
tuner,shack,shack,2,1,FALSE,FALSE
alike,hmong,goths,,0,FALSE,FALSE
scout,badge,badge,1,1,FALSE,FALSE
dealt,shown,shown,2,1,FALSE,FALSE
bucks,moira,hazel,,0,TRUE,FALSE
badge,scout,scout,1,1,FALSE,FALSE
wrist,pedal,pedal,2,1,FALSE,FALSE
realm,unity,unity,2,1,FALSE,FALSE
rouge,khans,khans,,1,FALSE,TRUE
yeast,flour,flour,1,1,FALSE,FALSE
wives,proud,proud,,1,TRUE,FALSE
viral,fetus,fetus,,1,FALSE,TRUE
laden,ifrcs,primo,,0,FALSE,TRUE
sperm,gland,gland,2,1,FALSE,FALSE
craps,debit,debit,,1,TRUE,FALSE
frost,candy,candy,1,1,FALSE,FALSE
yacht,rides,rides,,1,FALSE,TRUE
whale,squid,squid,1,1,FALSE,FALSE
shark,ebony,ebony,2,1,FALSE,FALSE
grows,pubic,pubic,,1,TRUE,FALSE
shine,crawl,crawl,2,1,FALSE,FALSE
serum,gland,gland,1,1,FALSE,FALSE
swift,joyce,phony,,0,FALSE,FALSE
focal,depth,depth,1,1,FALSE,FALSE
wound,chest,chest,2,1,FALSE,FALSE
lined,ramps,ramps,,1,FALSE,TRUE
boxed,alist,clips,,0,FALSE,FALSE
flyer,winch,winch,2,1,FALSE,FALSE
baths,flour,flour,,1,TRUE,FALSE
climb,throw,throw,2,1,FALSE,FALSE
token,glyph,glyph,1,1,FALSE,FALSE
belts,pouch,pouch,,1,TRUE,FALSE
flush,brine,brine,2,1,FALSE,FALSE
johns,embry,beaux,,0,TRUE,FALSE
ruled,kings,kings,,1,FALSE,TRUE
funky,rhead,waltz,,0,FALSE,FALSE
joins,waved,waved,,1,TRUE,FALSE
scary,lovin,filth,,0,FALSE,FALSE
cakes,flour,flour,,1,TRUE,FALSE
mixer,plugs,plugs,,1,FALSE,TRUE
drove,snuck,snuck,1,1,FALSE,FALSE
upset,angry,angry,1,1,FALSE,FALSE
mines,copra,copra,,1,TRUE,FALSE
lance,pyotr,primo,,0,FALSE,FALSE
lanes,optic,optic,,1,TRUE,FALSE
purse,nicol,manly,,0,FALSE,FALSE
align,cdots,stoke,,0,FALSE,TRUE
crest,mound,mound,1,1,FALSE,FALSE
plots,mecha,bawdy,,0,TRUE,FALSE
draws,hinge,hinge,,1,TRUE,FALSE
surge,winch,winch,2,1,FALSE,FALSE
vault,ochre,ochre,2,1,FALSE,FALSE
wires,notch,notch,,1,TRUE,FALSE
mails,journ,budge,,0,TRUE,FALSE
orbit,plane,plane,1,1,FALSE,FALSE
bacon,freud,wiles,,0,FALSE,FALSE
spine,chalk,chalk,2,1,FALSE,FALSE
oxide,butyl,butyl,1,1,FALSE,FALSE
badly,tough,tough,1,1,FALSE,FALSE
blink,eprom,hydra,,0,FALSE,FALSE
tiles,round,round,,1,TRUE,FALSE
grams,ounce,ounce,,1,TRUE,FALSE
forge,chalk,chalk,1,1,FALSE,FALSE
brave,witch,witch,2,1,FALSE,FALSE
awful,dirty,dirty,1,1,FALSE,FALSE
whore,dugan,gnats,,0,FALSE,FALSE
wagon,truck,truck,1,1,FALSE,FALSE
quilt,carme,recap,,0,FALSE,FALSE
flour,beans,beans,,1,FALSE,TRUE
choir,flute,flute,1,1,FALSE,FALSE
blond,skirt,skirt,2,1,FALSE,FALSE
burst,anode,anode,2,1,FALSE,FALSE
fibre,clays,clays,,1,FALSE,TRUE
daisy,lopez,joker,,0,FALSE,FALSE
crude,lamps,lamps,,1,FALSE,TRUE
bored,flush,flush,2,1,FALSE,FALSE
fares,optic,optic,,1,TRUE,FALSE
hoped,wants,wants,,1,FALSE,TRUE
safer,toxic,toxic,1,1,FALSE,FALSE
marsh,clyde,flint,,0,FALSE,FALSE
stake,crowd,crowd,2,1,FALSE,FALSE
rifle,tanks,tanks,,1,FALSE,TRUE
waist,pouch,pouch,1,1,FALSE,FALSE
vitro,gland,gland,2,1,FALSE,FALSE
demos,vinyl,vinyl,,1,TRUE,FALSE
resin,chalk,chalk,2,1,FALSE,FALSE
decay,lungs,lungs,,1,FALSE,TRUE
usher,zadok,dicky,,0,FALSE,FALSE
skate,pinch,pinch,2,1,FALSE,FALSE
lynch,maude,bowie,,0,FALSE,FALSE
franc,ouest,temps,,0,FALSE,FALSE
flats,medio,viper,,0,TRUE,FALSE
voter,funds,funds,,1,FALSE,TRUE
urine,lymph,lymph,2,1,FALSE,FALSE
towel,grabs,grabs,,1,FALSE,TRUE
flies,truck,truck,,1,TRUE,FALSE
crane,floyd,mogul,,0,FALSE,FALSE
habit,cords,cords,,1,FALSE,TRUE
coupe,tandy,mains,,0,FALSE,FALSE
lords,junta,junta,,1,TRUE,FALSE
tends,haori,rough,,0,TRUE,FALSE
sixty,dozen,dozen,2,1,FALSE,FALSE
spark,winch,winch,2,1,FALSE,FALSE
spike,maury,hogan,,0,FALSE,FALSE
backs,lined,lined,,1,TRUE,FALSE
sedan,turbo,turbo,1,1,FALSE,FALSE
cares,nobly,nobly,,1,TRUE,FALSE
flora,minke,genus,,0,FALSE,FALSE
hardy,louie,nicks,,0,FALSE,FALSE
denim,gravy,gravy,2,1,FALSE,FALSE
baked,syrup,syrup,2,1,FALSE,FALSE
glove,rusty,rusty,2,1,FALSE,FALSE
plush,covey,covey,2,1,FALSE,FALSE
urged,wants,wants,,1,FALSE,TRUE
brent,walsh,mogul,,0,FALSE,FALSE
fuels,toxic,toxic,,1,TRUE,FALSE
stern,lomax,mogul,,0,FALSE,FALSE
debit,packs,packs,,1,FALSE,TRUE
edits,nomar,bumpy,,0,TRUE,FALSE
raven,butch,butch,2,1,FALSE,FALSE
slice,gravy,gravy,2,1,FALSE,FALSE
aspen,lough,gulch,,0,FALSE,FALSE
pause,throw,throw,2,1,FALSE,FALSE
demon,wrath,wrath,1,1,FALSE,FALSE
downs,utica,berth,,0,TRUE,FALSE
rogue,mandy,dicky,,0,FALSE,FALSE
optic,relay,relay,2,1,FALSE,FALSE
grief,cloak,cloak,2,1,FALSE,FALSE
sweat,prion,vigor,,0,FALSE,FALSE
quake,blitz,blitz,2,1,FALSE,FALSE
twain,byers,crumb,,0,FALSE,TRUE
renal,cough,cough,2,1,FALSE,FALSE
spite,favor,favor,1,1,FALSE,FALSE
imply,argue,argue,2,1,FALSE,FALSE
liner,yacht,yacht,2,1,FALSE,FALSE
lifts,crank,crank,,1,TRUE,FALSE
acted,sworn,sworn,2,1,FALSE,FALSE
steak,flour,flour,2,1,FALSE,FALSE
cobra,spiny,spiny,1,1,FALSE,FALSE
threw,picks,picks,,1,FALSE,TRUE
atoms,fluid,fluid,,1,TRUE,FALSE
drake,pluto,lynch,,0,FALSE,FALSE
rails,pouch,pouch,,1,TRUE,FALSE
fried,salty,salty,1,1,FALSE,FALSE
cried,hangs,hangs,,1,FALSE,TRUE
plugs,fibre,fibre,,1,TRUE,FALSE
supra,thiol,thyme,,0,FALSE,FALSE
rival,youth,youth,2,1,FALSE,FALSE
homer,pliny,cupid,,0,FALSE,FALSE
genus,flora,flora,,1,TRUE,FALSE
debts,opium,opium,,1,TRUE,FALSE
myths,vedic,grail,,0,TRUE,FALSE
poets,haiku,haiku,,1,TRUE,FALSE
woven,brush,brush,2,1,FALSE,FALSE
blown,dries,dries,,1,FALSE,TRUE
baton,devry,miser,,0,FALSE,FALSE
diets,phyla,phyla,,1,TRUE,FALSE
bowls,viper,viper,,1,TRUE,FALSE
cruel,dying,dying,2,1,FALSE,FALSE
feast,purim,glory,1,0,FALSE,FALSE
ankle,wrist,wrist,1,1,FALSE,FALSE
decks,pylon,pylon,,1,TRUE,FALSE
blunt,dashi,screw,,0,FALSE,FALSE
react,binds,binds,,1,FALSE,TRUE
coats,fried,fried,,1,TRUE,FALSE
fairs,ghent,coney,,0,TRUE,FALSE
flute,banjo,banjo,1,1,FALSE,FALSE
poles,katyn,umbra,,0,TRUE,FALSE
equip,wands,wands,,1,FALSE,TRUE
worms,fungi,fungi,,1,TRUE,FALSE
pouch,stalk,stalk,2,1,FALSE,FALSE
peaks,cloud,cloud,,1,TRUE,FALSE
niche,spurt,spurt,2,1,FALSE,FALSE
cigar,muted,muted,2,1,FALSE,FALSE
curse,jonah,agony,,0,FALSE,FALSE
shout,prick,prick,2,1,FALSE,FALSE
nudes,moira,tapir,,0,TRUE,FALSE
straw,ebony,ebony,2,1,FALSE,FALSE
peach,fjord,fjord,2,1,FALSE,FALSE
stove,dugan,bruin,,0,FALSE,FALSE
freak,lovin,slimy,,0,FALSE,FALSE
sadly,bruck,inept,,0,FALSE,FALSE
stein,waldo,carol,,0,FALSE,FALSE
drift,waves,waves,,1,FALSE,TRUE
crisp,ebony,ebony,2,1,FALSE,FALSE
onset,hijra,rapid,,0,FALSE,FALSE
snack,tripe,tripe,2,1,FALSE,FALSE
squid,ochre,ochre,2,1,FALSE,FALSE
slate,bjorn,bumpy,,0,FALSE,FALSE
canoe,flush,flush,2,1,FALSE,FALSE
juicy,glaze,glaze,2,1,FALSE,FALSE
pedal,stick,stick,1,1,FALSE,FALSE
tuned,harps,harps,,1,FALSE,TRUE
scrap,dough,dough,2,1,FALSE,FALSE
vapor,fluid,fluid,1,1,FALSE,FALSE
aloud,pithy,pithy,2,1,FALSE,FALSE
hydro,fuels,fuels,,1,FALSE,TRUE
noisy,gated,gated,1,1,FALSE,FALSE
abide,stung,stung,2,1,FALSE,FALSE
parse,login,login,2,1,FALSE,FALSE
bolts,urine,urine,,1,TRUE,FALSE
typed,macro,macro,1,1,FALSE,FALSE
clamp,knobs,knobs,,1,FALSE,TRUE
grape,squid,squid,2,1,FALSE,FALSE
traps,fungi,fungi,,1,TRUE,FALSE
guilt,mercy,mercy,1,1,FALSE,FALSE
ducks,giant,giant,,1,TRUE,FALSE
lunar,comet,comet,1,1,FALSE,FALSE
posed,guilt,guilt,2,1,FALSE,FALSE
forks,platz,chute,,0,TRUE,FALSE
boxer,squad,squad,2,1,FALSE,FALSE
weigh,float,float,2,1,FALSE,FALSE
crush,waved,waved,2,1,FALSE,FALSE
rants,viejo,holed,,0,TRUE,FALSE
carts,glued,glued,,1,TRUE,FALSE
mixes,candy,candy,,1,TRUE,FALSE
clash,rowdy,rowdy,1,1,FALSE,FALSE
biker,manoj,patsy,,0,FALSE,FALSE
stain,pouch,pouch,2,1,FALSE,FALSE
reign,judah,duchy,,0,FALSE,FALSE
baron,felix,welch,,0,FALSE,FALSE
bates,colin,dicky,,0,TRUE,FALSE
elbow,skirt,skirt,2,1,FALSE,FALSE
stark,boyle,denim,,0,FALSE,FALSE
cough,palsy,palsy,2,1,FALSE,FALSE
ovens,chalk,chalk,,1,TRUE,FALSE
inlet,rocky,rocky,2,1,FALSE,FALSE
bronx,tulsa,delft,,0,FALSE,FALSE
porch,glued,glued,2,1,FALSE,FALSE
dinar,ouest,husky,,0,FALSE,FALSE
faxes,duron,login,,0,TRUE,FALSE
midst,favor,favor,2,1,FALSE,FALSE
borne,scalp,scalp,2,1,FALSE,FALSE
tempo,swing,swing,1,1,FALSE,FALSE
torch,smile,smile,2,1,FALSE,FALSE
hacks,pyotr,bruin,,0,TRUE,FALSE
notch,jumps,jumps,,1,FALSE,TRUE
lacks,inert,inert,,1,TRUE,FALSE
bowie,lynch,lynch,2,1,FALSE,FALSE
scent,flour,flour,2,1,FALSE,FALSE
fines,quota,quota,,1,TRUE,FALSE
grasp,untie,untie,2,1,FALSE,FALSE
ounce,grams,grams,,1,FALSE,TRUE
buena,jordi,corgi,,0,FALSE,FALSE
quota,firms,firms,,1,FALSE,TRUE
versa,putin,login,,0,FALSE,FALSE
jumbo,sedan,sedan,1,1,FALSE,FALSE
maths,dicke,bruin,,0,TRUE,FALSE
flint,marsh,marsh,2,1,FALSE,FALSE
burnt,wiped,wiped,2,1,FALSE,FALSE
roast,chewy,chewy,2,1,FALSE,FALSE
shiny,glaze,glaze,1,1,FALSE,FALSE
ample,grist,grist,2,1,FALSE,FALSE
scarf,epoxy,epoxy,2,1,FALSE,FALSE
hated,pious,pious,,1,FALSE,TRUE
spicy,broth,broth,1,1,FALSE,FALSE
beard,nicks,nicks,,1,FALSE,TRUE
ruins,egypt,delft,,0,TRUE,FALSE
hyper,octal,octal,2,1,FALSE,FALSE
cites,whorf,rowan,,0,TRUE,FALSE
gamer,yukio,whist,,0,FALSE,FALSE
norms,ethic,ethic,,1,TRUE,FALSE
prima,conte,honky,,0,FALSE,FALSE
fetal,prion,cough,,0,FALSE,FALSE
palms,ochre,ochre,,1,TRUE,FALSE
chord,flute,flute,1,1,FALSE,FALSE
hawks,floyd,robin,,0,TRUE,FALSE
irons,chevy,lefty,,0,TRUE,FALSE
comet,lunar,lunar,1,1,FALSE,FALSE
syrup,baked,baked,2,1,FALSE,FALSE
bites,hydra,hydra,,1,TRUE,FALSE
prose,haiku,haiku,1,1,FALSE,FALSE
swear,cling,cling,2,1,FALSE,FALSE
intra,lymph,lymph,2,1,FALSE,FALSE
clown,guest,guest,2,1,FALSE,FALSE
dwarf,cones,cones,,1,FALSE,TRUE
pines,falco,gravy,,0,TRUE,FALSE
urges,phony,phony,,1,TRUE,FALSE
beams,fluid,fluid,,1,TRUE,FALSE
dough,paste,paste,1,1,FALSE,FALSE
welch,marty,randy,,0,FALSE,FALSE
horde,kings,kings,,1,FALSE,TRUE
roach,kline,lefty,,0,FALSE,FALSE
locus,graph,graph,,1,TRUE,FALSE
prone,humid,humid,,1,FALSE,FALSE
clues,brain,brain,,1,TRUE,FALSE
crews,pilot,pilot,,1,TRUE,FALSE
timed,cough,cough,,1,FALSE,FALSE
scare,vomit,vomit,,1,FALSE,FALSE
thief,mandy,crazy,,0,FALSE,FALSE
motif,shade,shade,,1,FALSE,FALSE
hurts,cyndi,dinky,,0,TRUE,FALSE
spear,tunic,tunic,,1,FALSE,FALSE
birch,alnus,steno,,0,FALSE,TRUE
helix,quark,quark,1,1,FALSE,FALSE
zebra,squid,squid,,1,FALSE,FALSE
fetch,grabs,grabs,,1,FALSE,TRUE
unite,clasp,clasp,,1,FALSE,FALSE
shear,gluon,gluon,,1,FALSE,FALSE
ponds,wheat,wheat,,1,TRUE,FALSE
trump,flick,flick,,1,FALSE,FALSE
mates,pinky,pinky,,1,TRUE,FALSE
champ,trois,vixen,,0,FALSE,TRUE
recap,timon,thunk,,0,FALSE,FALSE
astro,binky,dicky,,0,FALSE,FALSE
crawl,vomit,vomit,,1,FALSE,FALSE
flaws,toner,toner,,1,TRUE,FALSE
hazel,pinus,bruin,,0,FALSE,TRUE
lungs,vapor,vapor,,1,TRUE,FALSE
jacks,towel,towel,,1,TRUE,FALSE
stole,mandy,drank,,0,FALSE,FALSE
quasi,ethno,crony,,0,FALSE,FALSE
knots,glide,glide,,1,TRUE,FALSE
jumps,notch,notch,,1,TRUE,FALSE
vague,hotly,hotly,,1,FALSE,FALSE
wraps,lobed,lobed,,1,TRUE,FALSE
rusty,angie,hazel,,0,FALSE,FALSE
warns,joked,joked,,1,TRUE,FALSE
sting,kaoru,pokey,,0,FALSE,FALSE
bravo,tsing,dicky,,0,FALSE,FALSE
liter,pound,pound,1,1,FALSE,FALSE
basil,percy,croft,,0,FALSE,FALSE
paced,noisy,noisy,,1,FALSE,FALSE
shack,tuner,tuner,,1,FALSE,FALSE
cafes,grupo,lingo,,0,TRUE,FALSE
nexus,aford,howdy,,0,TRUE,FALSE
tango,dulce,lyric,,0,FALSE,FALSE
carte,yukio,fling,,0,FALSE,FALSE
pains,cruel,cruel,,1,TRUE,FALSE
torah,vedic,deism,,0,FALSE,FALSE
bowel,vagus,vagus,,1,FALSE,TRUE
chats,yukio,bruin,,0,TRUE,FALSE
shire,yukon,ducal,,0,FALSE,FALSE
mains,coupe,coupe,,1,TRUE,FALSE
misty,peach,peach,,1,FALSE,FALSE
prism,nodal,nodal,,1,FALSE,FALSE
vegan,bocks,bocks,,1,FALSE,TRUE
grips,fluke,fluke,,1,TRUE,FALSE
gears,pylon,pylon,,1,TRUE,FALSE
risen,gault,havoc,,0,FALSE,FALSE
rhino,bagel,bagel,,1,FALSE,FALSE
swept,lying,lying,,1,FALSE,FALSE
arose,hindu,clung,,0,FALSE,FALSE
hogan,ricky,dicky,,0,FALSE,FALSE
flock,haunt,haunt,,1,FALSE,FALSE
shave,cling,cling,,1,FALSE,FALSE
swamp,lovin,bunch,,0,FALSE,FALSE
faint,rough,rough,1,1,FALSE,FALSE
gland,tumor,tumor,,1,FALSE,FALSE
blows,pinch,pinch,,1,TRUE,FALSE
stoke,wigan,ranch,,0,FALSE,FALSE
nitro,flaps,flaps,,1,FALSE,TRUE
loser,waugh,dinky,,0,FALSE,FALSE
tyres,winch,winch,,1,TRUE,FALSE
hicks,payne,rowan,,0,TRUE,FALSE
chalk,resin,resin,,1,FALSE,FALSE
negro,tamil,yacht,,0,FALSE,FALSE
wrath,devil,devil,,1,FALSE,FALSE
grind,paste,paste,1,1,FALSE,FALSE
blitz,menus,menus,,1,FALSE,TRUE
rainy,bulge,bulge,,1,FALSE,FALSE
viola,unger,crumb,,0,FALSE,FALSE
volts,fiber,fiber,,1,TRUE,FALSE
diver,flank,flank,,1,FALSE,FALSE
blaze,pinus,stink,,0,FALSE,TRUE
wreck,mound,mound,,1,FALSE,FALSE
horns,flute,flute,,1,TRUE,FALSE
risky,tough,tough,,1,FALSE,FALSE
tulip,dykes,dykes,,1,FALSE,TRUE
owing,cater,cater,,1,FALSE,FALSE
ropes,chalk,chalk,,1,TRUE,FALSE
cords,fluke,fluke,,1,TRUE,FALSE
ditch,sneak,sneak,1,1,FALSE,FALSE
slick,mandy,gravy,,0,FALSE,FALSE
chunk,epoxy,epoxy,,1,FALSE,FALSE
slept,drank,drank,1,1,FALSE,FALSE
waits,vogel,poked,,0,TRUE,FALSE
tenor,lukas,slick,,0,FALSE,TRUE
scrub,minke,leafy,,0,FALSE,FALSE
caves,mound,mound,,1,TRUE,FALSE
topaz,kerch,grime,,0,FALSE,FALSE
dusty,mochi,vixen,,0,FALSE,FALSE
cared,unfit,unfit,,1,FALSE,FALSE
sworn,acted,acted,,1,FALSE,FALSE
frogs,minke,hyena,,0,TRUE,FALSE
expat,rosny,blush,,0,FALSE,FALSE
temps,bazin,bruin,,0,TRUE,FALSE
mover,infty,halts,,0,FALSE,FALSE
darts,chino,chino,,1,TRUE,FALSE
tails,ounce,ounce,,1,TRUE,FALSE
hangs,cried,cried,,1,TRUE,FALSE
quark,helix,helix,,1,FALSE,FALSE
dolce,strix,bruin,,0,FALSE,FALSE
veins,gourd,gourd,,1,TRUE,FALSE
folds,pubic,pubic,,1,TRUE,FALSE
sneak,clump,clump,,1,FALSE,FALSE
tidal,shock,shock,,1,FALSE,FALSE
crust,biome,biome,,1,FALSE,FALSE
miner,floyd,flask,,0,FALSE,FALSE
diner,stomp,stomp,,1,FALSE,FALSE
mound,caves,caves,,1,FALSE,TRUE
chefs,otaku,vodka,,0,TRUE,FALSE
scion,breda,avert,,0,FALSE,FALSE
wears,pinch,pinch,,1,TRUE,FALSE
regal,sihon,itchy,,0,FALSE,FALSE
curly,nosed,nosed,,1,FALSE,FALSE
hound,zebra,zebra,,1,FALSE,FALSE
wharf,docks,docks,,1,FALSE,TRUE
flick,grabs,grabs,,1,FALSE,TRUE
datum,glyph,glyph,,1,FALSE,FALSE
maize,syrup,syrup,,1,FALSE,FALSE
psalm,chron,credo,,0,FALSE,FALSE
leaks,dough,dough,,1,TRUE,FALSE
irony,shame,shame,,1,FALSE,FALSE
viper,flask,flask,,1,FALSE,FALSE
litre,pound,pound,,1,FALSE,FALSE
binds,lymph,lymph,,1,TRUE,FALSE
flare,winch,winch,,1,FALSE,FALSE
crank,setup,setup,1,1,FALSE,FALSE
goats,fried,fried,,1,TRUE,FALSE
rains,bulge,bulge,,1,TRUE,FALSE
brace,phong,plush,,0,FALSE,FALSE
mango,chewy,chewy,,1,FALSE,FALSE
meats,flour,flour,,1,TRUE,FALSE
windy,scrub,scrub,,1,FALSE,FALSE
vogue,klimt,films,,0,FALSE,FALSE
aired,msnbc,clown,,0,FALSE,FALSE
vodka,spicy,spicy,,1,FALSE,FALSE
knobs,mylar,mylar,,1,TRUE,FALSE
moist,wafer,wafer,,1,FALSE,FALSE
fries,cajun,vodka,,0,TRUE,FALSE
serif,tchad,glyph,,0,FALSE,FALSE
monks,laity,laity,,1,TRUE,FALSE
rents,dumbo,aphid,,0,TRUE,FALSE
cater,owing,owing,,1,FALSE,FALSE
colts,derby,derby,,1,TRUE,FALSE
dunes,rocky,rocky,,1,TRUE,FALSE
pinch,grabs,grabs,,1,FALSE,TRUE
filth,naxos,amuck,,0,FALSE,TRUE
shady,remix,remix,,1,FALSE,FALSE
valet,moniz,dicky,,0,FALSE,FALSE
jihad,cults,cults,,1,FALSE,TRUE
raped,signy,thugs,,0,FALSE,FALSE
taxis,flour,flour,,1,TRUE,FALSE
hates,lovin,growl,,0,TRUE,FALSE
rowan,clive,hicks,,0,FALSE,FALSE
stair,bumpy,bumpy,,1,FALSE,FALSE
quart,hsing,gimel,,0,FALSE,FALSE
bison,alder,alder,,1,FALSE,FALSE
fungi,phyla,phyla,,1,FALSE,FALSE
incur,plead,plead,,1,FALSE,FALSE
cores,bulky,bulky,,1,TRUE,FALSE
dukes,mainz,crown,,0,TRUE,FALSE
fudge,nokia,maxis,,0,FALSE,FALSE
exits,adour,plumb,,0,TRUE,FALSE
cured,toxin,toxin,1,1,FALSE,FALSE
slack,tripe,tripe,,1,FALSE,FALSE
vines,flour,flour,,1,TRUE,FALSE
cages,dumbo,mould,,0,TRUE,FALSE
banjo,flute,flute,1,1,FALSE,FALSE
stare,windu,downy,,0,FALSE,FALSE
flair,buson,chute,,0,FALSE,FALSE
aisle,trunk,trunk,1,1,FALSE,FALSE
limbs,woven,woven,,1,TRUE,FALSE
paved,milky,milky,,1,FALSE,FALSE
spawn,flirt,flirt,,1,FALSE,FALSE
epoxy,curds,curds,,1,FALSE,TRUE
stony,peach,peach,,1,FALSE,FALSE
crypt,siena,hales,,0,FALSE,FALSE
bogus,dietz,laker,,0,TRUE,FALSE
tying,backs,backs,,1,FALSE,TRUE
cubes,ovary,ovary,,1,TRUE,FALSE
rinse,dough,dough,,1,FALSE,FALSE
tides,vapor,vapor,,1,TRUE,FALSE
venom,scaly,scaly,1,1,FALSE,FALSE
cries,agony,agony,,1,TRUE,FALSE
techs,azuki,madly,,0,TRUE,FALSE
haute,corgi,corgi,,1,FALSE,FALSE
wacky,hulme,snipe,,0,FALSE,FALSE
shalt,mercy,mercy,,1,FALSE,FALSE
visor,glaze,glaze,1,1,FALSE,FALSE
naive,modus,modus,,1,FALSE,TRUE
hires,dungy,dungy,,1,TRUE,FALSE
fiery,stalk,stalk,,1,FALSE,FALSE
fakes,timon,lurid,,0,TRUE,FALSE
acorn,bulky,bulky,,1,FALSE,FALSE
smoky,peach,peach,,1,FALSE,FALSE
flirt,schon,amuse,1,0,FALSE,FALSE
slang,trope,humor,,0,FALSE,FALSE
finch,debra,bower,,0,FALSE,FALSE
largo,betsy,nicks,,0,FALSE,FALSE
agile,furst,crumb,,0,FALSE,FALSE
stray,flick,flick,,1,FALSE,FALSE
forte,lucha,dinky,,0,FALSE,FALSE
waive,lurch,lurch,,1,FALSE,FALSE
lymph,axons,axons,,1,FALSE,TRUE
latch,bores,bores,,1,FALSE,TRUE
verbs,kanji,glyph,,0,TRUE,FALSE
drank,thugs,thugs,,1,FALSE,TRUE
grabs,flick,flick,,1,TRUE,FALSE
wards,lough,melon,,0,TRUE,FALSE
hinge,calyx,calyx,,1,FALSE,FALSE
faire,ponty,psych,,0,FALSE,FALSE
vitae,shrub,shrub,,1,FALSE,FALSE
hertz,jakob,sigma,,0,FALSE,FALSE
flown,raced,raced,1,1,FALSE,FALSE
silky,monta,pecan,,0,FALSE,FALSE
repay,cling,cling,,1,FALSE,FALSE
fetus,gland,gland,,1,TRUE,FALSE
cider,salty,salty,,1,FALSE,FALSE
hears,flynt,lucky,,0,TRUE,FALSE
pivot,bends,bends,,1,FALSE,TRUE
glide,jumps,jumps,,1,FALSE,TRUE
waltz,remix,remix,,1,FALSE,FALSE
blush,moira,covey,,0,FALSE,FALSE
modal,tukey,query,,0,FALSE,FALSE
cadet,kirov,privy,,0,FALSE,FALSE
opted,clung,clung,,1,FALSE,FALSE
hides,gravy,gravy,,1,TRUE,FALSE
piles,ovary,ovary,,1,TRUE,FALSE
havoc,drips,drips,,1,FALSE,TRUE
sling,broth,broth,,1,FALSE,FALSE
epoch,fasti,marks,,0,FALSE,FALSE
plaid,cymru,tongs,,0,FALSE,FALSE
fable,mundi,cupid,,0,FALSE,FALSE
sober,manly,manly,,1,FALSE,FALSE
tread,cling,cling,1,1,FALSE,FALSE
earns,bitch,bitch,,1,TRUE,FALSE
garde,synth,hymns,,0,FALSE,FALSE
ramps,glued,glued,,1,TRUE,FALSE
weary,pskov,quint,,0,FALSE,FALSE
snowy,cedar,cedar,1,1,FALSE,FALSE
fined,prays,prays,,1,FALSE,TRUE
apron,leith,blush,,0,FALSE,FALSE
aides,clout,clout,,1,TRUE,FALSE
forma,plebs,plebs,,1,FALSE,TRUE
husky,corgi,corgi,1,1,FALSE,FALSE
bland,pokey,pokey,,1,FALSE,FALSE
robes,tunic,tunic,,1,TRUE,FALSE
adept,boils,boils,,1,FALSE,TRUE
krona,thyme,thyme,,1,FALSE,FALSE
servo,qmail,champ,,0,FALSE,FALSE
snail,gumbo,gumbo,,1,FALSE,FALSE
sutra,vedic,yogic,,0,FALSE,FALSE
swine,carly,aloft,,0,FALSE,FALSE
heron,quays,quays,,1,FALSE,TRUE
graft,ileus,ileus,,1,FALSE,TRUE
envoy,hamid,curia,,0,FALSE,FALSE
clans,druze,tribe,,0,TRUE,FALSE
abort,winch,winch,,1,FALSE,FALSE
spade,brion,bruin,,0,FALSE,FALSE
glare,pubis,pubis,,1,FALSE,TRUE
grids,batch,batch,,1,TRUE,FALSE
facto,vries,plume,,0,FALSE,TRUE
haiku,prose,prose,1,1,FALSE,FALSE
wafer,moist,moist,,1,FALSE,FALSE
hover,climb,climb,1,1,FALSE,FALSE
molds,brine,brine,,1,TRUE,FALSE
leafs,huron,bruin,,0,TRUE,FALSE
agony,kurtz,likes,,0,FALSE,FALSE
lacey,voris,primo,,0,FALSE,TRUE
cones,dwarf,dwarf,,1,TRUE,FALSE
taxed,suing,suing,1,1,FALSE,FALSE
gator,hulme,snipe,,0,FALSE,FALSE
taped,slick,slick,,1,FALSE,FALSE
docks,wharf,wharf,,1,TRUE,FALSE
rhyme,kanji,licks,,0,FALSE,FALSE
triad,coven,coven,,1,FALSE,FALSE
cameo,flynt,dirty,,0,FALSE,FALSE
leach,brion,robin,,0,FALSE,FALSE
milky,paved,paved,,1,FALSE,FALSE
combs,ailey,hazel,,0,TRUE,FALSE
coils,wafer,wafer,,1,TRUE,FALSE
navel,grist,grist,,1,FALSE,FALSE
bumps,calyx,calyx,,1,TRUE,FALSE
sable,finch,finch,,1,FALSE,FALSE
toxin,fumes,fumes,,1,FALSE,TRUE
axiom,curve,curve,,1,FALSE,FALSE
vents,aphid,aphid,,1,TRUE,FALSE
mater,johns,johns,,1,FALSE,TRUE
humps,viejo,rayon,,0,TRUE,FALSE
joker,daisy,daisy,,1,FALSE,FALSE
hikes,tubal,tubal,,1,TRUE,FALSE
wiped,burnt,burnt,1,1,FALSE,FALSE
cures,gland,gland,,1,TRUE,FALSE
brink,squaw,squaw,,1,FALSE,FALSE
mould,sinew,sinew,,1,FALSE,FALSE
croft,nahum,pansy,,0,FALSE,FALSE
penal,writs,writs,,1,FALSE,TRUE
riots,kabul,waged,,0,TRUE,FALSE
lapse,cyndi,dicky,,0,FALSE,FALSE
shrub,leafy,leafy,,1,FALSE,FALSE
finer,bolts,bolts,,1,FALSE,TRUE
smack,whirl,whirl,,1,FALSE,FALSE
cloak,thugs,thugs,,1,FALSE,TRUE
manic,bowel,bowel,,1,FALSE,FALSE
choke,grabs,grabs,,1,FALSE,TRUE
gravy,melon,melon,,1,FALSE,FALSE
payer,tisch,dicks,,0,FALSE,FALSE
glaze,curds,curds,,1,FALSE,TRUE
infra,cebus,glove,,0,FALSE,TRUE
gated,lymph,lymph,,1,FALSE,FALSE
psych,keita,flake,,0,FALSE,FALSE
nomad,wufei,bilge,,0,FALSE,FALSE
thorn,abies,lapis,,0,FALSE,TRUE
spoil,tread,tread,,1,FALSE,FALSE
hymns,codex,codex,,1,TRUE,FALSE
palsy,crohn,cough,,0,FALSE,FALSE
bayou,ricks,snipe,,0,FALSE,TRUE
tonic,pedal,pedal,,1,FALSE,FALSE
rites,dogma,dogma,1,1,TRUE,FALSE
tuple,sigma,sigma,2,1,FALSE,FALSE
chant,verdi,prose,,0,FALSE,FALSE
raves,chino,chino,,1,TRUE,FALSE
mural,seton,scone,,0,FALSE,FALSE
wager,quits,quits,,1,FALSE,TRUE
purge,nazis,khans,,0,FALSE,TRUE
perky,naomi,finch,,0,FALSE,FALSE
fused,ovary,ovary,2,1,FALSE,FALSE
stump,finch,finch,2,1,FALSE,FALSE
scalp,vomit,vomit,2,1,FALSE,FALSE
actin,spore,spore,2,1,FALSE,FALSE
melon,gravy,gravy,2,1,FALSE,FALSE
siren,vlado,tubal,,0,FALSE,FALSE
clasp,honed,honed,2,1,FALSE,FALSE
wipes,thunk,thunk,,1,TRUE,FALSE
krone,lahti,dutch,,0,FALSE,FALSE
aegis,monck,cornu,,0,TRUE,FALSE
amour,chien,levis,,0,FALSE,FALSE
thugs,daiko,melon,,0,TRUE,FALSE
sonar,glide,glide,2,1,FALSE,FALSE
ethyl,acids,acids,,1,FALSE,TRUE
lambs,witch,witch,,1,TRUE,FALSE
ulcer,dinky,dinky,2,1,FALSE,FALSE
ethic,dogma,dogma,2,1,FALSE,FALSE
taxon,hiker,hiker,2,1,FALSE,FALSE
thine,yours,yours,,1,FALSE,TRUE
opium,wheat,wheat,2,1,FALSE,FALSE
barge,optic,optic,2,1,FALSE,FALSE
famed,colin,robin,,0,FALSE,FALSE
slant,vigor,vigor,2,1,FALSE,FALSE
chops,markt,laird,,0,TRUE,FALSE
snare,flick,flick,2,1,FALSE,FALSE
shank,drupe,bumpy,,0,FALSE,FALSE
leash,micky,frown,,0,FALSE,FALSE
hunts,brady,yerba,,0,TRUE,FALSE
ligne,spohr,moray,,0,FALSE,FALSE
broth,sauce,sauce,2,1,FALSE,FALSE
crows,quail,quail,,1,TRUE,FALSE
taper,blows,blows,,1,FALSE,TRUE
smear,dinky,dinky,2,1,FALSE,FALSE
slain,herod,mercy,,0,FALSE,FALSE
quail,covey,covey,2,1,FALSE,FALSE
plume,vitry,cobra,,0,FALSE,FALSE
plank,hurdy,mitre,,0,FALSE,FALSE
enact,privy,privy,2,1,FALSE,FALSE
deity,jonah,magus,,0,FALSE,FALSE
claws,venom,venom,,1,TRUE,FALSE
manly,tibor,quips,,0,FALSE,FALSE
peril,gohan,moats,,0,FALSE,FALSE
hairs,ebony,ebony,,1,TRUE,FALSE
maids,crohn,forte,,0,TRUE,FALSE
swirl,cmavo,donut,,0,FALSE,FALSE
abode,guilt,guilt,2,1,FALSE,FALSE
campo,studi,livre,,0,FALSE,FALSE
polka,bruin,bruin,2,1,FALSE,FALSE
nicer,plush,plush,1,1,FALSE,FALSE
boast,cling,cling,,1,FALSE,FALSE
gents,micky,mocha,,0,TRUE,FALSE
perch,gumbo,gumbo,,1,FALSE,FALSE
angst,bodhi,jerky,,0,FALSE,FALSE
gecko,squid,squid,,1,FALSE,FALSE
codex,arukh,hymns,,0,FALSE,FALSE
barns,viejo,guyed,,0,TRUE,FALSE
raids,phnom,bulge,,0,TRUE,FALSE
facet,buson,mould,,0,FALSE,FALSE
wares,timon,thunk,,0,TRUE,FALSE
brute,pylon,pylon,,1,FALSE,FALSE
butch,owens,randy,,0,FALSE,TRUE
yarns,mould,mould,,1,TRUE,FALSE
liars,wendt,unwed,,0,TRUE,FALSE
saith,ekron,godly,,0,FALSE,FALSE
kites,gravy,gravy,,1,TRUE,FALSE
dumps,xchat,covey,,0,TRUE,FALSE
hanks,gomez,bower,,0,TRUE,FALSE
salty,fried,fried,,1,FALSE,FALSE
zeros,infty,input,,0,TRUE,FALSE
valor,juden,sheik,,0,FALSE,FALSE
sabre,flick,flick,,1,FALSE,FALSE
ticks,foyle,paged,,0,TRUE,FALSE
itchy,queso,melon,,0,FALSE,FALSE
bulky,maser,maser,,1,FALSE,FALSE
widen,moats,moats,,1,FALSE,TRUE
colds,hiker,hiker,,1,TRUE,FALSE
fluke,grind,grind,,1,FALSE,FALSE
stomp,bruin,bruin,,1,FALSE,FALSE
glade,bruin,bruin,,1,FALSE,FALSE
licks,toque,toque,,1,TRUE,FALSE
caste,hindu,gumbo,,0,FALSE,FALSE
libra,hymen,hymen,,1,FALSE,FALSE
lures,vomit,vomit,,1,TRUE,FALSE
flaps,broth,broth,,1,TRUE,FALSE
swarm,fluke,fluke,,1,FALSE,FALSE
drown,blaze,blaze,,1,FALSE,FALSE
bangs,riley,filth,,0,TRUE,FALSE
radon,butyl,butyl,,1,FALSE,FALSE
coder,thunk,thunk,,1,FALSE,FALSE
pleas,unfit,unfit,,1,TRUE,FALSE
flask,ebony,ebony,,1,FALSE,FALSE
idols,wrath,wrath,,1,TRUE,FALSE
altos,devry,curie,,0,TRUE,FALSE
overs,bumpy,bumpy,,1,TRUE,FALSE
tesla,cyrix,hydro,,0,FALSE,FALSE
padre,moniz,finch,,0,FALSE,FALSE
plead,incur,incur,,1,FALSE,FALSE
warts,viejo,covey,,0,TRUE,FALSE
medic,stang,patsy,,0,FALSE,FALSE
grail,monty,demon,,0,FALSE,FALSE
pecan,thiol,silky,,0,FALSE,FALSE
aches,growl,growl,,1,TRUE,FALSE
chime,tongs,tongs,,1,FALSE,TRUE
remit,chaps,chaps,,1,FALSE,TRUE
pinto,alves,yerba,,0,FALSE,TRUE
pears,dingo,dingo,,1,TRUE,FALSE
heats,fluid,fluid,,1,TRUE,FALSE
lucid,angst,angst,,1,FALSE,FALSE
infer,boast,boast,,1,FALSE,FALSE
synod,vicar,vicar,,1,FALSE,FALSE
bleak,croft,croft,,1,FALSE,FALSE
tramp,leigh,honky,,0,FALSE,FALSE
perks,hamon,dicta,,0,TRUE,FALSE
vibes,otmar,honky,,0,TRUE,FALSE
lathe,bruin,bruin,,1,FALSE,FALSE
petri,nazwy,quays,,0,FALSE,FALSE
bylaw,dogen,grime,,0,FALSE,FALSE
leaps,dough,dough,,1,TRUE,FALSE
lends,froth,froth,,1,TRUE,FALSE
typos,lurch,lurch,,1,TRUE,FALSE
dives,notch,notch,,1,TRUE,FALSE
stale,dinky,dinky,,1,FALSE,FALSE
patsy,crowe,growl,,0,FALSE,FALSE
corgi,nazwy,husky,,0,FALSE,FALSE
cupid,freya,beast,,0,FALSE,FALSE
piers,mungo,lanky,,0,TRUE,FALSE
dykes,nomar,quail,,0,TRUE,FALSE
haste,micky,dinky,,0,FALSE,FALSE
expos,randy,randy,,1,TRUE,FALSE
berth,downs,downs,,1,FALSE,TRUE
crabs,minke,dingo,,0,TRUE,FALSE
lingo,expat,expat,,1,FALSE,FALSE
saber,windu,finch,,0,FALSE,FALSE
folic,thunk,thunk,,1,FALSE,FALSE
lager,spicy,spicy,,1,FALSE,FALSE
divas,gluck,honky,,0,TRUE,FALSE
azure,silky,silky,,1,FALSE,FALSE
vowel,marks,marks,,1,FALSE,TRUE
fecal,prion,squid,,0,FALSE,FALSE
humid,snowy,snowy,,1,FALSE,FALSE
guile,brans,brans,,1,FALSE,TRUE
mined,syrup,syrup,,1,FALSE,FALSE
lofty,carme,bared,,0,FALSE,FALSE
dogma,ethic,ethic,,1,FALSE,FALSE
winch,salvo,salvo,,1,FALSE,FALSE
evils,wrath,wrath,,1,TRUE,FALSE
jocks,byner,lefty,,0,TRUE,FALSE
shawl,moniz,bruin,,0,FALSE,FALSE
bends,flick,flick,,1,TRUE,FALSE
thyme,bruin,bruin,,1,FALSE,FALSE
chino,darts,darts,,1,FALSE,TRUE
ovary,squid,squid,,1,FALSE,FALSE
flops,tuner,tuner,,1,TRUE,FALSE
vices,groan,groan,,1,TRUE,FALSE
arson,itchy,itchy,,1,FALSE,FALSE
haunt,flock,flock,,1,FALSE,FALSE
braid,coset,coset,,1,FALSE,FALSE
chimp,warts,warts,,1,FALSE,TRUE
lefty,shawn,crumb,,0,FALSE,FALSE
vigor,plums,plums,,1,FALSE,TRUE
glued,knobs,knobs,,1,FALSE,TRUE
alder,cumin,cumin,,1,FALSE,FALSE
lawns,devry,tripe,,0,TRUE,FALSE
raced,flown,flown,,1,FALSE,FALSE
redux,namco,patsy,,0,FALSE,FALSE
quits,waved,waved,,1,TRUE,FALSE
inlay,frets,frets,,1,FALSE,TRUE
craze,snout,snout,,1,FALSE,FALSE
fumes,ovary,ovary,,1,TRUE,FALSE
harms,vinge,guile,,0,TRUE,FALSE
carve,build,build,1,1,FALSE,FALSE
relic,nymph,nymph,,1,FALSE,FALSE
ethos,kafir,manly,,0,TRUE,FALSE
cling,amuse,amuse,,1,FALSE,FALSE
toned,grabs,grabs,,1,FALSE,TRUE
caron,tique,shute,,0,FALSE,FALSE
nudge,shawl,shawl,,1,FALSE,FALSE
doves,finch,finch,,1,TRUE,FALSE
heaps,boric,boric,,1,TRUE,FALSE
hydra,cebus,bites,,0,FALSE,TRUE
anvil,drupe,pours,,0,FALSE,FALSE
stalk,drupe,gourd,,0,FALSE,FALSE
inert,clays,clays,,1,FALSE,TRUE
rayon,plums,plums,,1,FALSE,TRUE
mocha,lubin,quint,,0,FALSE,FALSE
firth,clyde,mound,,0,FALSE,FALSE
cadre,sunil,punts,,0,FALSE,FALSE
squat,vcore,lobed,,0,FALSE,FALSE
pubic,folds,folds,,1,FALSE,TRUE
hives,ylang,tubal,,0,TRUE,FALSE
bowed,pluck,pluck,,1,FALSE,FALSE
primo,alves,lacey,,0,FALSE,TRUE
flank,chest,chest,,1,FALSE,FALSE
ducts,ovary,ovary,,1,TRUE,FALSE
mules,taino,rayon,,0,TRUE,FALSE
spout,mylar,mylar,,1,FALSE,FALSE
hefty,saigo,brans,,0,FALSE,FALSE
hoist,fluke,fluke,,1,FALSE,FALSE
swami,judeo,crone,,0,FALSE,FALSE
feral,ponds,ponds,,1,FALSE,TRUE
truce,spain,synod,,0,FALSE,FALSE
laird,shute,shute,,1,FALSE,FALSE
petal,dinky,dinky,,1,FALSE,FALSE
dries,blown,blown,,1,TRUE,FALSE
tiers,chaux,polka,,0,TRUE,FALSE
pluck,bowed,bowed,,1,FALSE,FALSE
prick,holed,holed,,1,FALSE,FALSE
herds,fungi,fungi,,1,TRUE,FALSE
ascot,grime,grime,,1,FALSE,FALSE
germs,bland,bland,,1,TRUE,FALSE
grays,tonle,pinto,,0,TRUE,FALSE
vixen,stork,stork,,1,FALSE,FALSE
whips,mylar,mylar,,1,TRUE,FALSE
fades,vomit,vomit,,1,TRUE,FALSE
bulge,chari,scarp,,0,FALSE,FALSE
slump,hover,hover,1,1,FALSE,FALSE
nerds,yukio,plait,,0,TRUE,FALSE
laude,hsing,stoic,,0,FALSE,FALSE
wakes,froth,froth,,1,TRUE,FALSE
marge,cyndi,quint,,0,FALSE,FALSE
stink,chomp,chomp,,1,FALSE,FALSE
overt,jihad,jihad,,1,FALSE,FALSE
slime,gravy,gravy,,1,FALSE,FALSE
swung,crept,crept,,1,FALSE,FALSE
waved,snuck,snuck,,1,FALSE,FALSE
vowed,fails,fails,,1,FALSE,TRUE
skier,hound,hound,,1,FALSE,FALSE
tiled,knobs,knobs,,1,FALSE,TRUE
talon,sieur,dykes,,0,FALSE,FALSE
shred,bloat,bloat,,1,FALSE,FALSE
binge,palsy,palsy,,1,FALSE,FALSE
limbo,sutra,sutra,,1,FALSE,FALSE
shove,mylar,mylar,,1,FALSE,FALSE
flake,mochi,bruin,,0,FALSE,FALSE
wiser,godly,godly,,1,FALSE,FALSE
flung,crept,crept,,1,FALSE,FALSE
donut,clams,clams,,1,FALSE,TRUE
tabor,synge,levis,,0,FALSE,FALSE
chute,varig,silky,,0,FALSE,FALSE
whine,plums,plums,,1,FALSE,TRUE
fouls,debit,debit,,1,TRUE,FALSE
canes,gumbo,gumbo,,1,TRUE,FALSE
vicar,synod,synod,,1,FALSE,FALSE
prank,vogel,covey,,0,FALSE,FALSE
delft,bursa,corgi,,0,FALSE,FALSE
suing,taxed,taxed,,1,FALSE,FALSE
brine,dough,dough,,1,FALSE,FALSE
piled,snuck,snuck,,1,FALSE,FALSE
unfit,cared,cared,,1,FALSE,FALSE
rouse,mckay,plait,,0,FALSE,FALSE
helms,brady,dicky,,0,TRUE,FALSE
moths,fungi,fungi,,1,TRUE,FALSE
foxes,phyla,phyla,,1,TRUE,FALSE
mites,ylang,polka,,0,TRUE,FALSE
macho,dirge,dirge,,1,FALSE,FALSE
bagel,moniz,quint,,0,FALSE,FALSE
cults,dogma,dogma,,1,TRUE,FALSE
gable,yukio,dicky,,0,FALSE,FALSE
laced,brush,brush,,1,FALSE,FALSE
mares,dingo,dingo,,1,TRUE,FALSE
chaps,timon,bruin,,0,TRUE,FALSE
fermi,bloch,johns,,0,FALSE,FALSE
verso,blanc,dicky,,0,FALSE,FALSE
cleft,pinus,spiny,,0,FALSE,TRUE
groin,haste,haste,,1,FALSE,FALSE
bower,dicky,dicky,,1,FALSE,FALSE
longs,tapir,tapir,,1,TRUE,FALSE
swain,huber,covey,,0,FALSE,FALSE
mourn,hales,hales,,1,FALSE,TRUE
pores,gland,gland,,1,TRUE,FALSE
oiled,fangs,fangs,,1,FALSE,TRUE
moray,leith,hinds,,0,FALSE,FALSE
reals,infty,monic,,0,TRUE,FALSE
brisk,houma,pecan,,0,FALSE,FALSE
epsom,xingu,bruin,,0,FALSE,FALSE
butyl,pears,pears,,1,FALSE,TRUE
shale,cumin,cumin,,1,FALSE,FALSE
anode,prism,prism,,1,FALSE,FALSE
avert,scudo,scudo,,1,FALSE,FALSE
guise,apron,apron,,1,FALSE,FALSE
vomit,glans,glans,,1,FALSE,TRUE
shaky,femur,femur,,1,FALSE,FALSE
necks,bumpy,bumpy,,1,TRUE,FALSE
phony,dietz,laker,,0,FALSE,FALSE
jerky,saigo,tubal,,0,FALSE,FALSE
argon,ethyl,ethyl,,1,FALSE,FALSE
morph,glaze,glaze,,1,FALSE,FALSE
clams,tripe,tripe,,1,TRUE,FALSE
speck,myron,bruin,,0,FALSE,FALSE
duets,roach,roach,,1,TRUE,FALSE
mogul,bryan,randy,,0,FALSE,FALSE
vials,epoxy,epoxy,,1,TRUE,FALSE
reins,thumb,thumb,,1,TRUE,FALSE
tombs,judea,runic,,0,TRUE,FALSE
frown,dicta,dicta,,1,FALSE,FALSE
privy,boule,boule,,1,FALSE,FALSE
sepia,thunk,thunk,,1,FALSE,FALSE
forts,kabul,duchy,,0,TRUE,FALSE
levis,nazwy,matzo,,0,TRUE,FALSE
jails,mothe,covey,,0,TRUE,FALSE
brant,leigh,dicky,,0,FALSE,FALSE
stork,hulme,pecan,,0,FALSE,FALSE
tunic,spear,spear,,1,FALSE,FALSE
farce,howls,howls,,1,FALSE,TRUE
howdy,begum,trice,,0,FALSE,FALSE
whack,untso,grist,,0,FALSE,FALSE
drone,flick,flick,,1,FALSE,FALSE
godly,saith,saith,,1,FALSE,FALSE
spire,vault,vault,,1,FALSE,FALSE
stead,nicol,mourn,,0,FALSE,FALSE
nicks,marty,hazel,,0,TRUE,FALSE
boils,katyn,perch,,0,TRUE,FALSE
covey,gnats,gnats,,1,FALSE,TRUE
dials,eprom,churn,,0,TRUE,FALSE
aster,blohm,jumbo,,0,FALSE,FALSE
ferns,aphid,aphid,,1,TRUE,FALSE
curls,thyme,thyme,,1,TRUE,FALSE
melts,vapor,vapor,,1,TRUE,FALSE
mitre,falco,shank,,0,FALSE,FALSE
bales,porky,porky,,1,TRUE,FALSE
rapes,timon,thunk,,0,TRUE,FALSE
lumen,grist,grist,,1,FALSE,FALSE
pious,thrax,hated,,0,TRUE,FALSE
tonal,serif,serif,,1,FALSE,FALSE
shone,calyx,calyx,,1,FALSE,FALSE
leafy,shrub,shrub,1,1,FALSE,FALSE
trove,wacky,wacky,,1,FALSE,FALSE
hasty,efron,dirge,,0,FALSE,FALSE
munch,verdi,degas,,0,FALSE,FALSE
clove,kashi,wands,,0,FALSE,FALSE
mylar,thunk,thunk,,1,FALSE,FALSE
giver,nymph,nymph,,1,FALSE,FALSE
nymph,argus,giver,,0,FALSE,TRUE
frail,nymph,nymph,,1,FALSE,FALSE
churn,epoxy,epoxy,,1,FALSE,FALSE
muted,brion,honky,,0,FALSE,FALSE
feats,hurdy,humor,,0,TRUE,FALSE
bumpy,satin,satin,,1,FALSE,FALSE
aleph,infty,modus,,0,FALSE,FALSE
amine,butyl,butyl,,1,FALSE,FALSE
spake,xiong,doing,,0,FALSE,FALSE
awoke,hurls,hurls,,1,FALSE,TRUE
prune,mochi,glows,,0,FALSE,FALSE
cairn,lough,stomp,,0,FALSE,FALSE
fling,covey,covey,,1,FALSE,FALSE
auger,bosch,dinky,,0,FALSE,FALSE
domes,trunk,trunk,,1,TRUE,FALSE
hiker,falco,matzo,,0,FALSE,FALSE
zloty,hamer,pecan,,0,FALSE,FALSE
crumb,gavin,hazel,,0,FALSE,FALSE
pinky,cleft,cleft,,1,FALSE,FALSE
mints,copra,copra,,1,TRUE,FALSE
grate,pubns,sonic,,0,FALSE,TRUE
fiend,wacky,wacky,,1,FALSE,FALSE
fleas,toxin,toxin,,1,TRUE,FALSE
heals,prion,dinky,,0,TRUE,FALSE
runes,phyla,phyla,,1,TRUE,FALSE
swore,cling,cling,,1,FALSE,FALSE
livre,nazwy,scudo,,0,FALSE,FALSE
wands,pokey,pokey,,1,TRUE,FALSE
leaky,cough,cough,,1,FALSE,FALSE
molar,cubes,cubes,,1,FALSE,TRUE
earls,duchy,duchy,,1,TRUE,FALSE
hyped,stung,stung,,1,FALSE,FALSE
gulch,presa,tapir,,0,FALSE,FALSE
axles,bumpy,bumpy,,1,TRUE,FALSE
towed,frans,racks,,0,FALSE,TRUE
canto,liber,livre,,0,FALSE,FALSE
crimp,thunk,thunk,,1,FALSE,FALSE
lumps,ochre,ochre,,1,TRUE,FALSE
facie,smyth,growl,,0,FALSE,FALSE
clout,perks,perks,,1,FALSE,TRUE
phage,torus,torus,,1,FALSE,TRUE
paces,ribot,quint,,0,TRUE,FALSE
glyph,kanji,serif,,0,FALSE,FALSE
plumb,wotan,satin,,0,FALSE,FALSE
unify,adopt,adopt,,1,FALSE,FALSE
junta,plebs,plebs,,1,FALSE,TRUE
grout,levis,levis,,1,FALSE,TRUE
curie,jakob,talon,,0,FALSE,FALSE
taker,windu,bushy,,0,FALSE,FALSE
janes,brody,dicky,,0,TRUE,FALSE
scorn,bawdy,bawdy,,1,FALSE,FALSE
whirl,onega,tongs,,0,FALSE,FALSE
hinds,parke,lefty,,0,TRUE,FALSE
pesky,monta,gulch,,0,FALSE,FALSE
moles,radix,radix,,1,TRUE,FALSE
rivet,bocks,bocks,,1,FALSE,TRUE
grunt,spade,spade,,1,FALSE,FALSE
rabid,stung,stung,,1,FALSE,FALSE
cumin,alder,alder,,1,FALSE,FALSE
nosed,curly,curly,,1,FALSE,FALSE
aunts,micky,bilge,,0,TRUE,FALSE
lapis,ochre,ochre,,1,TRUE,FALSE
shunt,oiler,oiler,,1,FALSE,FALSE
synch,expat,expat,,1,FALSE,FALSE
flips,vcore,thong,,0,TRUE,FALSE
aptly,erick,bruin,,0,FALSE,FALSE
sheik,yaqub,dungy,,0,FALSE,FALSE
pints,elroy,cubed,,0,TRUE,FALSE
piety,dogma,dogma,,1,FALSE,FALSE
froze,litha,tubal,,0,FALSE,FALSE
modus,rance,naive,,0,TRUE,FALSE
hails,woken,woken,,1,TRUE,FALSE
mauve,stich,dinky,,0,FALSE,FALSE
spore,azuki,actin,,0,FALSE,FALSE
crept,swung,swung,,1,FALSE,FALSE
firma,woden,hunky,,0,FALSE,FALSE
punks,avril,bared,,0,TRUE,FALSE
bugle,trios,trios,,1,FALSE,TRUE
fours,pwned,chime,,0,TRUE,FALSE
comer,duval,punks,,0,FALSE,FALSE
redox,vagus,vagus,,1,FALSE,TRUE
waged,punic,coups,,0,FALSE,FALSE
waxed,thunk,thunk,,1,FALSE,FALSE
heros,windu,dinky,,0,TRUE,FALSE
nears,khtml,folic,,0,TRUE,FALSE
waxes,flour,flour,,1,TRUE,FALSE
neath,loris,crows,,0,FALSE,TRUE
coney,quail,quail,,1,FALSE,FALSE
brawl,micky,covey,,0,FALSE,FALSE
tubal,pesci,snipe,,0,FALSE,FALSE
chore,fling,fling,,1,FALSE,FALSE
trams,guyed,guyed,,1,TRUE,FALSE
octal,servi,bruin,,0,FALSE,FALSE
gauze,bolts,bolts,,1,FALSE,TRUE
amuse,cling,cling,,1,FALSE,FALSE
fixer,paton,gaudy,,0,FALSE,FALSE
gamut,fibre,fibre,,1,FALSE,FALSE
beryl,danio,dingo,,0,FALSE,FALSE
madly,trios,trios,,1,FALSE,TRUE
scant,lurid,lurid,,1,FALSE,FALSE
flier,chats,chats,,1,FALSE,TRUE
pours,laney,glaze,,0,TRUE,FALSE
amity,scudo,scudo,,1,FALSE,FALSE
hades,glory,glory,,1,TRUE,FALSE
defun,pchar,octal,,0,FALSE,FALSE
honky,jamie,crumb,,0,FALSE,FALSE
leans,humid,humid,,1,TRUE,FALSE
foils,chaux,thunk,,0,TRUE,FALSE
buoys,mehta,pecan,,0,TRUE,FALSE
murky,vegan,vegan,,1,FALSE,FALSE
tongs,drupe,recap,,0,TRUE,FALSE
yanks,chogm,grime,,0,TRUE,FALSE
poked,aulis,satyr,,0,FALSE,TRUE
gnats,covey,covey,,1,TRUE,FALSE
dares,cling,cling,,1,TRUE,FALSE
clays,brine,brine,,1,TRUE,FALSE
bough,elfin,elfin,,1,FALSE,FALSE
radix,moles,moles,,1,FALSE,TRUE
grist,epoxy,epoxy,,1,FALSE,FALSE
sloth,carne,carne,,1,FALSE,FALSE
fates,gluck,mourn,,0,TRUE,FALSE
drags,untie,untie,,1,TRUE,FALSE
chasm,tonle,bulge,,0,FALSE,FALSE
ravel,guido,honky,,0,FALSE,FALSE
decoy,alvis,punts,,0,FALSE,TRUE
grime,landy,thunk,,0,FALSE,FALSE
tacos,ruben,beryl,,0,TRUE,FALSE
dwelt,prays,prays,,1,FALSE,TRUE
caged,stork,stork,,1,FALSE,FALSE
rowdy,linge,punts,,0,FALSE,FALSE
torus,calyx,calyx,,1,TRUE,FALSE
emits,vapor,vapor,,1,TRUE,FALSE
sited,rayon,rayon,,1,FALSE,FALSE
gourd,scaly,scaly,,1,FALSE,FALSE
foray,split,split,,1,FALSE,FALSE
nodal,qubit,prism,,0,FALSE,FALSE
aloft,dinky,dinky,,1,FALSE,FALSE
mated,spiky,spiky,,1,FALSE,FALSE
plums,boric,boric,,1,TRUE,FALSE
bathe,glows,glows,,1,FALSE,TRUE
girth,calyx,calyx,,1,FALSE,FALSE
lobes,mafic,fungi,,0,TRUE,FALSE
coals,rumen,rumen,,1,TRUE,FALSE
brunt,yakov,hales,,0,FALSE,FALSE
glens,houma,matzo,,0,TRUE,FALSE
islet,fjord,fjord,,1,FALSE,FALSE
caper,gumby,quint,,0,FALSE,FALSE
quack,hideo,snipe,,0,FALSE,FALSE
oaths,mercy,mercy,,1,TRUE,FALSE
curbs,tonle,gated,,0,TRUE,FALSE
warms,vixen,vixen,,1,TRUE,FALSE
groan,zeist,quips,,0,FALSE,FALSE
toile,chung,champ,,0,FALSE,FALSE
antes,gumbo,gumbo,,1,TRUE,FALSE
voids,glaze,glaze,,1,TRUE,FALSE
spina,kutch,covey,,0,FALSE,FALSE
gumbo,cante,pecan,,0,FALSE,FALSE
lured,hangs,hangs,,1,FALSE,TRUE
adorn,thyme,thyme,,1,FALSE,FALSE
dorms,feliz,wacky,,0,TRUE,FALSE
pared,snuck,snuck,,1,FALSE,FALSE
squaw,tobey,covey,,0,FALSE,FALSE
bouts,manic,manic,,1,TRUE,FALSE
epics,turan,tango,,0,TRUE,FALSE
growl,mehta,itchy,,0,FALSE,FALSE
brash,pokey,pokey,,1,FALSE,FALSE
inept,gluck,brash,,0,FALSE,FALSE
divan,mothe,lurch,,0,FALSE,FALSE
snark,itchy,itchy,,1,FALSE,FALSE
thump,danse,credo,,0,FALSE,FALSE
minas,pedro,gulch,,0,TRUE,FALSE
bruin,thyme,thyme,,1,FALSE,FALSE
dimer,butyl,butyl,,1,FALSE,FALSE
capes,ditko,growl,,0,TRUE,FALSE
salvo,winch,winch,,1,FALSE,FALSE
twigs,drupe,melon,,0,TRUE,FALSE
degas,brion,primo,,0,TRUE,FALSE
joked,warns,warns,,1,FALSE,TRUE
fared,glows,glows,,1,FALSE,TRUE
fleck,amour,amour,,1,FALSE,FALSE
goers,cyndi,wacky,,0,TRUE,FALSE
rafts,covey,covey,,1,TRUE,FALSE
pikes,chota,aloft,,0,TRUE,FALSE
bueno,tidak,itchy,,0,FALSE,FALSE
credo,hsing,plait,,0,FALSE,FALSE
femur,satin,satin,,1,FALSE,FALSE
bushy,rigel,tapir,,0,FALSE,FALSE
grits,epoxy,epoxy,,1,TRUE,FALSE
golem,fairy,fairy,,1,FALSE,FALSE
faked,stung,stung,,1,FALSE,FALSE
quirk,synge,plena,,0,FALSE,FALSE
panes,gourd,gourd,,1,TRUE,FALSE
swath,bulge,bulge,,1,FALSE,FALSE
prods,amity,amity,,1,TRUE,FALSE
harem,signy,spiky,,0,FALSE,FALSE
shoal,minke,vixen,,0,FALSE,FALSE
heady,pinto,pinto,,1,FALSE,FALSE
fives,culpa,culpa,,1,TRUE,FALSE
hoard,pinus,pelts,,0,FALSE,TRUE
meson,quark,quark,,1,FALSE,FALSE
spelt,hanyu,gumbo,,0,FALSE,FALSE
barks,lynch,lynch,,1,TRUE,FALSE
glues,aphid,aphid,,1,TRUE,FALSE
fated,pskov,hurls,,0,FALSE,FALSE
halts,eprom,coder,,0,TRUE,FALSE
yerba,pinus,dingo,,0,FALSE,TRUE
cubed,thiol,matzo,,0,FALSE,FALSE
dinky,jaber,tubal,,0,FALSE,FALSE
honed,clasp,clasp,,1,FALSE,FALSE
lopes,karin,finch,,0,TRUE,FALSE
snipe,tubal,tubal,,1,FALSE,FALSE
beaux,rodin,johns,,0,FALSE,FALSE
thane,micky,growl,,0,FALSE,FALSE
salve,prodi,quint,,0,FALSE,FALSE
pansy,tibor,bilge,,0,FALSE,FALSE
dingo,cebus,thyme,,0,FALSE,TRUE
heist,vlado,bylaw,,0,FALSE,FALSE
wield,crush,crush,,1,FALSE,FALSE
morel,nazwy,satin,,0,FALSE,FALSE
budge,karin,finch,,0,FALSE,FALSE
twine,plush,plush,,1,FALSE,FALSE
bilge,nazwy,matzo,,0,FALSE,FALSE
chewy,roast,roast,,1,FALSE,FALSE
leapt,snuck,snuck,,1,FALSE,FALSE
plein,ducts,ducts,,1,FALSE,TRUE
durst,mcvie,hogan,,0,FALSE,FALSE
inked,waugh,harum,,0,FALSE,FALSE
rumba,synth,pokey,,0,FALSE,FALSE
stung,maher,laker,,0,FALSE,FALSE
toads,minke,perch,,0,TRUE,FALSE
moxie,snack,snack,,1,FALSE,FALSE
dikes,copra,copra,,1,TRUE,FALSE
meaty,bling,bruin,,0,FALSE,FALSE
rimes,nazwy,polka,,0,TRUE,FALSE
dusky,tapir,tapir,,1,FALSE,FALSE
gluon,dheas,amide,,0,FALSE,TRUE
trios,gluck,melba,,0,TRUE,FALSE
gales,kutch,froth,,0,TRUE,FALSE
gipsy,korah,melba,,0,FALSE,FALSE
fjord,tisza,islet,,0,FALSE,FALSE
fords,tilak,lacey,,0,TRUE,FALSE
axons,lymph,lymph,,1,TRUE,FALSE
boned,syrup,syrup,,1,FALSE,FALSE
dirge,nazwy,matzo,,0,FALSE,FALSE
dames,yukio,bruin,,0,TRUE,FALSE
edict,monks,monks,,1,FALSE,TRUE
shrew,polka,polka,,1,FALSE,FALSE
foals,denim,denim,,1,TRUE,FALSE
prays,cling,cling,,1,TRUE,FALSE
kilns,ochre,ochre,,1,TRUE,FALSE
mirth,levan,pokey,,0,FALSE,FALSE
kilts,corea,chewy,,0,TRUE,FALSE
chine,quays,quays,,1,FALSE,TRUE
glows,prune,prune,,1,TRUE,FALSE
brews,azuki,malty,,0,TRUE,FALSE
laity,monks,monks,,1,FALSE,TRUE
hales,tibor,dicky,,0,TRUE,FALSE
lites,rayon,rayon,,1,TRUE,FALSE
spiny,cobra,cobra,,1,FALSE,FALSE
clung,waive,waive,,1,FALSE,FALSE
maxis,fleur,pokey,,0,TRUE,FALSE
graze,squid,squid,,1,FALSE,FALSE
woken,duras,prays,,0,FALSE,TRUE
hotly,vague,vague,,1,FALSE,FALSE
stave,pluck,pluck,,1,FALSE,FALSE
punts,jaber,covey,,0,TRUE,FALSE
curvy,saigo,matzo,,0,FALSE,FALSE
rages,timon,quint,,0,TRUE,FALSE
beano,spitz,spitz,,1,FALSE,FALSE
spate,winch,winch,,1,FALSE,FALSE
gleam,bocks,bocks,,1,FALSE,TRUE
halos,vinge,tripe,,0,TRUE,FALSE
tamer,yukio,dinky,,0,FALSE,FALSE
trice,landy,blush,,0,FALSE,FALSE
stile,foamy,foamy,,1,FALSE,FALSE
nadir,pskov,sepoy,,0,FALSE,FALSE
sahib,dogen,cornu,,0,FALSE,FALSE
feist,grupo,gulch,,0,FALSE,FALSE
spitz,carne,carne,,1,FALSE,FALSE
vying,pacts,pacts,,1,FALSE,TRUE
whims,vlado,tubal,,0,TRUE,FALSE
fangs,pokey,pokey,,1,TRUE,FALSE
wiles,bacon,bacon,,1,TRUE,FALSE
slimy,freda,jawed,,0,FALSE,FALSE
clump,shone,shone,,1,FALSE,FALSE
tilde,unary,unary,,1,FALSE,FALSE
hymen,sulci,lapis,,0,FALSE,FALSE
tacks,hideo,bruin,,0,TRUE,FALSE
duchy,mainz,earls,,0,FALSE,FALSE
gaunt,sybil,bower,,0,FALSE,FALSE
golds,warne,crept,,0,TRUE,FALSE
scrip,mehta,meaty,,0,FALSE,FALSE
frets,banjo,banjo,,1,TRUE,FALSE
spurt,feliz,calyx,,0,FALSE,FALSE
mazes,phong,gluon,,0,TRUE,FALSE
farts,phong,guile,,0,TRUE,FALSE
anise,flour,flour,,1,FALSE,FALSE
raged,copts,snuck,,0,FALSE,TRUE
hiked,paros,gulfs,,0,FALSE,TRUE
umbra,tonle,inlet,,0,FALSE,FALSE
amply,winer,cures,,0,FALSE,FALSE
corky,lupin,snail,,0,FALSE,FALSE
olden,hijra,sixty,,0,FALSE,FALSE
amide,butyl,butyl,,1,FALSE,FALSE
wreak,cling,cling,,1,FALSE,FALSE
bloat,pesci,snipe,,0,FALSE,FALSE
greys,picta,matzo,,0,TRUE,FALSE
pawns,vcore,cubed,,0,TRUE,FALSE
quint,jaber,melba,,0,FALSE,FALSE
loins,drupe,femur,,0,TRUE,FALSE
melba,gondi,quint,,0,FALSE,FALSE
bream,sloth,sloth,,1,FALSE,FALSE
imago,huber,shute,,0,FALSE,FALSE
orcas,fungi,fungi,,1,TRUE,FALSE
omits,quran,prune,,0,TRUE,FALSE
drips,onega,woken,,0,TRUE,FALSE
polis,machu,cedar,,0,TRUE,FALSE
harps,flute,flute,,1,TRUE,FALSE
smelt,copra,copra,,1,FALSE,FALSE
paged,thunk,thunk,,1,FALSE,FALSE
erupt,flows,flows,,1,FALSE,TRUE
carne,studi,spitz,,0,FALSE,FALSE
lumpy,stork,stork,,1,FALSE,FALSE
unary,poset,poset,,1,FALSE,FALSE
coven,shawl,shawl,,1,FALSE,FALSE
mores,guilt,guilt,,1,TRUE,FALSE
aphid,bocks,bocks,,1,FALSE,TRUE
spied,frown,frown,,1,FALSE,FALSE
silty,roxen,pecan,,0,FALSE,FALSE
ochre,lapis,lapis,,1,FALSE,TRUE
posit,argue,argue,,1,FALSE,FALSE
magus,doyle,bower,,0,TRUE,FALSE
bores,thunk,thunk,,1,TRUE,FALSE
goths,vanir,alike,,0,TRUE,FALSE
downy,hazel,hazel,,1,FALSE,FALSE
lemur,finch,finch,,1,FALSE,FALSE
bards,toque,toque,,1,TRUE,FALSE
pylon,tubes,tubes,,1,FALSE,TRUE
caret,login,login,,1,FALSE,FALSE
clave,gondi,thunk,,0,FALSE,FALSE
pokes,grbac,gaudy,,0,TRUE,FALSE
hunky,pesci,micas,,0,FALSE,FALSE
culpa,eikon,fives,,0,FALSE,FALSE
froth,ileus,ileus,,1,FALSE,TRUE
mired,topaz,topaz,,1,FALSE,FALSE
rinks,mehta,toque,,0,TRUE,FALSE
smote,qadir,drank,,0,FALSE,FALSE
dowry,uncle,uncle,,1,FALSE,FALSE
snuck,piled,piled,,1,FALSE,FALSE
campy,louse,louse,2,1,FALSE,FALSE
scaly,drupe,gourd,,0,FALSE,FALSE
stoic,freud,laude,,0,FALSE,FALSE
hares,dingo,dingo,,1,TRUE,FALSE
pokey,bruin,bruin,2,1,FALSE,FALSE
smite,vlado,growl,,0,FALSE,FALSE
hyena,squid,squid,2,1,FALSE,FALSE
blurs,onega,matzo,,0,TRUE,FALSE
larch,vinge,pokey,,0,FALSE,FALSE
pleat,burks,dicky,,0,FALSE,TRUE
utero,aphid,aphid,2,1,FALSE,FALSE
ruble,swazi,minas,,0,FALSE,FALSE
doers,lucha,manly,,0,TRUE,FALSE
blimp,rodes,hanks,,0,FALSE,TRUE
chomp,satin,satin,2,1,FALSE,FALSE
rosin,chewy,chewy,2,1,FALSE,FALSE
loner,micky,itchy,,0,FALSE,FALSE
writs,amend,amend,,1,TRUE,FALSE
holed,tacks,tacks,,1,FALSE,TRUE
snout,glaze,glaze,2,1,FALSE,FALSE
irate,bushy,bushy,2,1,FALSE,FALSE
sitar,gluck,honky,,0,FALSE,FALSE
sheaf,monic,monic,2,1,FALSE,FALSE
duals,vcore,chomp,,0,TRUE,FALSE
limes,chota,fjord,,0,TRUE,FALSE
quays,mothe,oiler,,0,TRUE,FALSE
bight,korps,scarp,,0,FALSE,TRUE
calyx,drupe,bumps,,0,FALSE,FALSE
gouda,thyme,thyme,2,1,FALSE,FALSE
raked,chomp,chomp,2,1,FALSE,FALSE
gaudy,brice,cotes,,0,FALSE,FALSE
ambit,cours,rouse,,0,FALSE,TRUE
ghoul,stram,dinky,,0,FALSE,FALSE
blocs,amity,amity,,1,TRUE,FALSE
sayer,tobin,quint,,0,FALSE,FALSE
joule,dirac,grams,,0,FALSE,FALSE
plied,rayon,rayon,2,1,FALSE,FALSE
obeys,dirac,quart,,0,TRUE,FALSE
halve,gondi,spiny,,0,FALSE,FALSE
tamed,sihon,glows,,0,FALSE,FALSE
snafu,hideo,oiler,,0,FALSE,FALSE
monad,riesz,lithe,,0,FALSE,FALSE
bandy,frits,corgi,,0,FALSE,TRUE
rebut,divan,divan,2,1,FALSE,FALSE
coups,waged,waged,,1,TRUE,FALSE
twirl,chomp,chomp,2,1,FALSE,FALSE
ingot,pfalz,larks,,0,FALSE,FALSE
glean,stich,pours,,0,FALSE,FALSE
voxel,ichat,brans,,0,FALSE,FALSE
ovals,bumpy,bumpy,,1,TRUE,FALSE
crone,sybil,patsy,,0,FALSE,FALSE
thunk,pesci,mylar,,0,FALSE,FALSE
laver,finch,finch,2,1,FALSE,FALSE
pater,signy,hinds,,0,FALSE,FALSE
mused,brock,rowan,,0,FALSE,FALSE
rebus,polit,plait,,0,TRUE,FALSE
foamy,thunk,thunk,2,1,FALSE,FALSE
lurid,cotes,cotes,,1,FALSE,TRUE
tinge,scaly,scaly,2,1,FALSE,FALSE
quips,jaber,faked,,0,TRUE,FALSE
tomes,arukh,culpa,,0,TRUE,FALSE
miser,nazwy,thunk,,0,FALSE,FALSE
tepid,kaoru,honky,,0,FALSE,FALSE
sired,manco,nymph,,0,FALSE,FALSE
porky,dugan,bland,,0,FALSE,FALSE
waver,cplds,slump,,0,FALSE,TRUE
omens,durga,cupid,,0,TRUE,FALSE
vanes,fluid,fluid,,1,TRUE,FALSE
mocks,dugan,tapir,,0,TRUE,FALSE
tripe,ylang,bocks,,0,FALSE,FALSE
scone,birka,harum,,0,FALSE,FALSE
duels,micky,frown,,0,TRUE,FALSE
evict,quash,quash,2,1,FALSE,FALSE
rifts,nazwy,melba,,0,TRUE,FALSE
rumen,itchy,itchy,2,1,FALSE,FALSE
skein,gumbo,gumbo,2,1,FALSE,FALSE
arity,defun,defun,2,1,FALSE,FALSE
aught,rosny,snipe,,0,FALSE,FALSE
gules,phoca,rayon,,0,TRUE,FALSE
plows,ramen,denim,,0,TRUE,FALSE
cotes,nazwy,bruin,,0,TRUE,FALSE
lurch,tobey,matzo,,0,FALSE,FALSE
quash,nevil,coder,,0,FALSE,FALSE
mufti,khans,khans,,1,FALSE,TRUE
howls,freda,prune,,0,TRUE,FALSE
curia,monks,monks,,1,FALSE,TRUE
decry,timon,whims,,0,FALSE,FALSE
steno,aphid,aphid,2,1,FALSE,FALSE
plies,darcy,quart,,0,TRUE,FALSE
muons,dicke,aphid,,0,TRUE,FALSE
refit,salvo,salvo,2,1,FALSE,FALSE
ouija,mertz,greys,,0,FALSE,FALSE
endow,flush,flush,2,1,FALSE,FALSE
razed,compi,thins,,0,FALSE,FALSE
pithy,monas,fable,,0,FALSE,TRUE
shirk,plena,plena,2,1,FALSE,FALSE
pangs,tobey,filth,,0,TRUE,FALSE
exalt,vodun,quips,,0,FALSE,FALSE
oaten,ricky,hicks,,0,FALSE,FALSE
laker,moniz,stung,,0,FALSE,FALSE
guano,pelts,pelts,,1,FALSE,TRUE
boars,hulme,quint,,0,TRUE,FALSE
ripen,stalk,stalk,2,1,FALSE,FALSE
pacts,grime,grime,,1,TRUE,FALSE
roped,winch,winch,2,1,FALSE,FALSE
bared,thunk,thunk,2,1,FALSE,FALSE
harum,jonze,lefty,,0,FALSE,FALSE
frock,hilde,valet,,0,FALSE,FALSE
wrest,ghazi,cling,,0,FALSE,FALSE
runic,tombs,tombs,,1,FALSE,TRUE
shute,karin,laird,,0,FALSE,FALSE
copes,bruin,bruin,,1,TRUE,FALSE
waned,blocs,blocs,,1,FALSE,TRUE
spiky,melon,melon,2,1,FALSE,FALSE
bogie,plush,plush,2,1,FALSE,FALSE
spier,gadol,matzo,,0,FALSE,FALSE
dicky,bower,bower,2,1,FALSE,FALSE
louse,tapir,tapir,2,1,FALSE,FALSE
maser,bulky,bulky,2,1,FALSE,FALSE
malts,chewy,chewy,,1,TRUE,FALSE
biome,karst,clays,,0,FALSE,FALSE
flume,sport,sport,2,1,FALSE,FALSE
borax,lumen,lumen,2,1,FALSE,FALSE
wimps,thunk,thunk,,1,TRUE,FALSE
crags,nolte,elfin,,0,TRUE,FALSE
sawed,clump,clump,2,1,FALSE,FALSE
rowed,blush,blush,2,1,FALSE,FALSE
elfin,argus,porky,,0,FALSE,TRUE
dicta,runge,frown,,0,FALSE,FALSE
whist,rueda,bagel,,0,FALSE,FALSE
weald,kochi,corgi,,0,FALSE,FALSE
dicey,sokal,tubal,,0,FALSE,FALSE
dungy,stram,melba,,0,FALSE,FALSE
bawdy,vinge,scorn,,0,FALSE,FALSE
joust,recap,recap,2,1,FALSE,FALSE
afoul,mintz,hires,,0,FALSE,FALSE
blest,gondi,macho,,0,FALSE,FALSE
feuds,panic,panic,,1,TRUE,FALSE
toque,xiang,wacky,,0,FALSE,FALSE
boric,plums,plums,,1,FALSE,TRUE
xylem,gourd,gourd,2,1,FALSE,FALSE
atone,whims,whims,,1,FALSE,TRUE
oiler,thunk,thunk,2,1,FALSE,FALSE
moats,kerch,guyed,,0,TRUE,FALSE
dirks,valen,expat,,0,TRUE,FALSE
lamer,punts,punts,,1,FALSE,TRUE
antic,fleur,lumpy,,0,FALSE,FALSE
nudie,croft,croft,2,1,FALSE,FALSE
untie,vlado,prays,,0,FALSE,FALSE
lanky,shrew,shrew,2,1,FALSE,FALSE
beaks,chomp,chomp,,1,TRUE,FALSE
porgy,valet,valet,2,1,FALSE,FALSE
thins,jaber,mylar,,0,TRUE,FALSE
shorn,tiled,tiled,2,1,FALSE,FALSE
ducal,shire,shire,2,1,FALSE,FALSE
jawed,plums,plums,,1,FALSE,TRUE
lobed,squat,squat,2,1,FALSE,FALSE
vagus,redox,redox,,1,TRUE,FALSE
yogic,sutra,sutra,2,1,FALSE,FALSE
crony,gupta,deist,,0,FALSE,FALSE
satyr,windu,guile,,0,FALSE,FALSE
pares,icftu,monic,,0,TRUE,FALSE
fount,chera,rimes,,0,FALSE,FALSE
meany,ditko,dicks,,0,FALSE,FALSE
lithe,cyano,rayon,,0,FALSE,FALSE
robed,salih,swain,,0,FALSE,FALSE
pelts,azuki,vodka,,0,TRUE,FALSE
vinca,queso,butyl,,0,FALSE,FALSE
kluge,arnim,brans,,0,FALSE,FALSE
tines,calyx,calyx,,1,TRUE,FALSE
novas,midge,lurid,,0,TRUE,FALSE
glans,vomit,vomit,,1,TRUE,FALSE
warps,hideo,itchy,,0,TRUE,FALSE
unwed,trakl,gaits,,0,FALSE,FALSE
splay,dicke,bruin,,0,FALSE,FALSE
larks,timon,ingot,,0,TRUE,FALSE
irked,musab,gulfs,,0,FALSE,FALSE
kyrie,nacht,octal,,0,FALSE,FALSE
nobly,pesci,quips,,0,FALSE,FALSE
feign,vlado,prays,,0,FALSE,FALSE
mealy,phong,thunk,,0,FALSE,FALSE
boule,sivan,swain,,0,FALSE,FALSE
sowed,cling,cling,2,1,FALSE,FALSE
drawl,pinus,smoky,,0,FALSE,TRUE
sibyl,nahum,cornu,,0,FALSE,FALSE
clefs,hurdy,aphid,,0,TRUE,FALSE
moire,chaux,pansy,,0,FALSE,FALSE
abuts,gondi,vixen,,0,TRUE,FALSE
picot,eylau,melba,,0,FALSE,FALSE
deism,zohar,torah,,0,FALSE,FALSE
yogis,kerch,tubal,,0,TRUE,FALSE
raspy,thong,thong,2,1,FALSE,FALSE
inker,mocha,mocha,2,1,FALSE,FALSE
shied,clung,clung,2,1,FALSE,FALSE
opine,warts,warts,,1,FALSE,TRUE
lutes,banjo,banjo,,1,TRUE,FALSE
plait,rebus,rebus,,1,FALSE,TRUE
geoid,sumba,umbra,,0,FALSE,FALSE
curds,epoxy,epoxy,,1,TRUE,FALSE
copra,smelt,smelt,2,1,FALSE,FALSE
unlit,epoxy,epoxy,2,1,FALSE,FALSE
tubas,chime,chime,,1,TRUE,FALSE
lochs,digby,bruin,,0,TRUE,FALSE
phyla,fungi,fungi,2,1,FALSE,FALSE
coset,windu,bruin,,0,FALSE,FALSE
feint,mucha,buoys,,0,FALSE,FALSE
vires,monuc,bylaw,,0,TRUE,FALSE
tapir,louse,louse,2,1,FALSE,FALSE
monic,sheaf,sheaf,2,1,FALSE,FALSE
carps,thiol,dingo,,0,TRUE,FALSE
poset,unary,unary,2,1,FALSE,FALSE
auric,ondes,lopes,,0,FALSE,TRUE
malty,curds,curds,,1,FALSE,TRUE
crits,duhem,plena,,0,TRUE,FALSE
plena,misch,trios,,0,FALSE,FALSE
scarp,minke,vixen,,0,FALSE,FALSE
tansy,drupe,chomp,,0,FALSE,FALSE
melds,azuki,rayon,,0,TRUE,FALSE
sinew,gravy,gravy,2,1,FALSE,FALSE
amuck,lovin,growl,,0,FALSE,FALSE
deist,albom,rowan,,0,FALSE,FALSE
matzo,bruin,bruin,2,1,FALSE,FALSE
dynes,craig,butch,,0,TRUE,FALSE
fakir,dogen,blush,,0,FALSE,FALSE
gaits,bruck,chomp,,0,TRUE,FALSE
aloes,fungi,fungi,,1,TRUE,FALSE
pubis,xylem,xylem,,1,TRUE,FALSE
schwa,tilde,tilde,2,1,FALSE,FALSE
mixup,grahn,argot,,0,FALSE,FALSE
hurls,awoke,awoke,,1,TRUE,FALSE
clime,thorn,thorn,2,1,FALSE,FALSE
bipod,thunk,thunk,2,1,FALSE,FALSE
thaws,brine,brine,,1,TRUE,FALSE
ileus,rohan,matzo,,0,TRUE,FALSE
velar,gumbo,gumbo,2,1,FALSE,FALSE
gulfs,minke,aphid,,0,TRUE,FALSE
gimps,landy,coder,,0,TRUE,FALSE
stela,digby,dinky,,0,FALSE,FALSE
argot,levis,levis,,1,FALSE,TRUE
cornu,silky,silky,2,1,FALSE,FALSE
ovule,tapir,tapir,2,1,FALSE,FALSE
lamed,schon,bruin,,0,FALSE,FALSE
carom,punts,punts,,1,FALSE,TRUE
micas,thunk,thunk,,1,TRUE,FALSE
ephod,skirt,skirt,2,1,FALSE,FALSE
koine,thrax,bards,,0,FALSE,FALSE
khans,corfu,mufti,,0,TRUE,FALSE
plebs,yukio,divan,,0,TRUE,FALSE
axels,thunk,thunk,,1,TRUE,FALSE
sepoy,walid,divan,,0,FALSE,FALSE
mohel,signy,pansy,,0,FALSE,FALSE
brans,dicke,guile,,0,TRUE,FALSE
gofer,ichat,dumps,,0,FALSE,FALSE
guyed,bahri,lapis,,0,FALSE,FALSE
fugal,prose,prose,2,1,FALSE,FALSE
yogas,whirl,whirl,,1,TRUE,FALSE
wends,tajik,tabor,,0,TRUE,FALSE
roans,thyme,thyme,,1,TRUE,FALSE
bocks,thyme,thyme,,1,TRUE,FALSE
scudo,fante,bilge,,0,FALSE,FALSE
wadis,tonle,pouch,,0,TRUE,FALSE
gimel,codas,codas,,1,FALSE,TRUE
codas,gimel,gimel,,1,TRUE,FALSE
fuzes,pylon,pylon,,1,TRUE,FALSE
jutes,carib,corgi,,0,TRUE,FALSE
